-- MySQL dump 10.13  Distrib 8.0.33, for Win64 (x86_64)
--
-- Host: localhost    Database: elatico
-- ------------------------------------------------------
-- Server version	8.0.33

/*!40101 SET @OLD_CHARACTER_SET_CLIENT=@@CHARACTER_SET_CLIENT */;
/*!40101 SET @OLD_CHARACTER_SET_RESULTS=@@CHARACTER_SET_RESULTS */;
/*!40101 SET @OLD_COLLATION_CONNECTION=@@COLLATION_CONNECTION */;
/*!50503 SET NAMES utf8mb4 */;
/*!40103 SET @OLD_TIME_ZONE=@@TIME_ZONE */;
/*!40103 SET TIME_ZONE='+00:00' */;
/*!40014 SET @OLD_UNIQUE_CHECKS=@@UNIQUE_CHECKS, UNIQUE_CHECKS=0 */;
/*!40014 SET @OLD_FOREIGN_KEY_CHECKS=@@FOREIGN_KEY_CHECKS, FOREIGN_KEY_CHECKS=0 */;
/*!40101 SET @OLD_SQL_MODE=@@SQL_MODE, SQL_MODE='NO_AUTO_VALUE_ON_ZERO' */;
/*!40111 SET @OLD_SQL_NOTES=@@SQL_NOTES, SQL_NOTES=0 */;

DROP DATABASE IF EXISTS elatico;
--
-- Current Database: `elatico`
--

CREATE DATABASE /*!32312 IF NOT EXISTS*/ `elatico` /*!40100 DEFAULT CHARACTER SET utf8mb4 COLLATE utf8mb4_0900_ai_ci */ /*!80016 DEFAULT ENCRYPTION='N' */;

USE `elatico`;

--
-- Table structure for table `autores`
--

DROP TABLE IF EXISTS `autores`;
/*!40101 SET @saved_cs_client     = @@character_set_client */;
/*!50503 SET character_set_client = utf8mb4 */;
CREATE TABLE `autores` (
  `id_autor` int unsigned NOT NULL AUTO_INCREMENT,
  `nombre` varchar(100) NOT NULL,
  `descripcion` text,
  PRIMARY KEY (`id_autor`),
  UNIQUE KEY `nombre` (`nombre`)
) ENGINE=InnoDB AUTO_INCREMENT=401 DEFAULT CHARSET=utf8mb4 COLLATE=utf8mb4_0900_ai_ci;
/*!40101 SET character_set_client = @saved_cs_client */;

--
-- Dumping data for table `autores`
--

LOCK TABLES `autores` WRITE;
/*!40000 ALTER TABLE `autores` DISABLE KEYS */;
INSERT INTO `autores` VALUES (1,'A. A. Milne',''),(2,'Agatha Christie',''),(3,'Alain-Fournier',''),(4,'Alasdair Gray',''),(5,'Albert Camus',''),(6,'Albert Cohen',''),(7,'Alberto Moravia',''),(8,'Aldous Huxley',''),(9,'Alejandro Dumas',''),(10,'Aleksandr Solzhenitsyn',''),(11,'Alex Haley y Malcolm X',''),(12,'Alexis de Tocqueville',''),(13,'Alice Sebold',''),(14,'Alice Walter',''),(15,'Almudena Grandes',''),(16,'Ana Frank',''),(17,'André Breton',''),(18,'André Franquin',''),(19,'André Gide',''),(20,'André Malraux',''),(21,'Angela Carter',''),(22,'Ángeles Mastretta',''),(23,'Anónimo',''),(24,'Anthony Burgess',''),(25,'Anthony Trollope',''),(26,'Antoine de Saint-Exupéry',''),(27,'Antón Chéjov',''),(28,'Antonin Artaud',''),(29,'Arthur Conan Doyle',''),(30,'Arthur Golden',''),(31,'Arturo Pérez-Reverte',''),(32,'Audrey Niffenegger',''),(33,'Ayn Rand',''),(34,'Barbara Kingsolver',''),(35,'Benito Pérez Galdós',''),(36,'Benjamin Disraeli',''),(37,'Bertolt Brecht',''),(38,'Betty Smith',''),(39,'Blaise Cendrars',''),(40,'Boris Vian',''),(41,'Bram Stoker',''),(42,'C. S. Lewis',''),(43,'Camilo José Cela',''),(44,'Carlos Ruiz Zafón',''),(45,'Carson Mccullers',''),(46,'Cassandra Clare',''),(47,'César Vallejo',''),(48,'Cesare Pavese',''),(49,'Charles Baudelaire',''),(50,'Charles Darwin',''),(51,'Charles Dickens',''),(52,'Charlotte Brontë',''),(53,'Chinua Achebe',''),(54,'Claude Lévi-Strauss',''),(55,'Colette',''),(56,'Cormac McCarthy',''),(57,'D. H. Lawrence',''),(58,'Daína Chaviano',''),(59,'Dan Brown',''),(60,'Daniel Defoe',''),(61,'Dante Alighieri',''),(62,'Daphne du Maurier',''),(63,'Dashiell Hammett',''),(64,'Diane Setterfield',''),(65,'Dino Buzzati',''),(66,'Doris Lessing',''),(67,'Douglas Adams',''),(68,'Dr. Seuss',''),(69,'E. L. James',''),(70,'E. M. Forster',''),(71,'E.B. White',''),(72,'Edgar Allan Poe',''),(73,'Edgar P. Jacobs',''),(74,'Edith Wharton',''),(75,'Eduardo Mendoza',''),(76,'Elie Wiesel',''),(77,'Elizabeth Pulido Romero',''),(78,'Elizabeth Taylor',''),(79,'Emily Brontë',''),(80,'Emily Dickinson',''),(81,'Ernest Hemingway',''),(82,'Ernesto Sábato',''),(83,'Erskine Childers',''),(84,'Eugène Ionesco',''),(85,'Evelyn Waugh',''),(86,'F. Scott Fitzgerald',''),(87,'Federico Andahazi',''),(88,'Federico García Lorca',''),(89,'Fernando de Rojas',''),(90,'Fernando Pessoa',''),(91,'Fiódor Dostoyevski',''),(92,'Flannery O\'Connor',''),(93,'Frances Hodgson Burnett',''),(94,'Francisco Umbral',''),(95,'François Mauriac',''),(96,'Françoise Sagan',''),(97,'Frank Baer',''),(98,'Frank Herbert',''),(99,'Frank McCourt',''),(100,'Franz Kafka',''),(101,'Friederich Nietzsche',''),(102,'G.C. Lichtenberg',''),(103,'Gabriel Aresti',''),(104,'Gabriel García Márquez','Gabriel José García Márquez fue un escritor, guionista y periodista colombiano.'),(105,'Gary Jennings',''),(106,'Geoffrey Chaucer',''),(107,'George Eliot',''),(108,'George Grossmith',''),(109,'George Orwell',''),(110,'George R. R. Martin',''),(111,'Georges Bernanos',''),(112,'Georges Perec',''),(113,'Georges Simenon',''),(114,'Giorgio Bassani',''),(115,'Giussepe Tomasi de Lampedusa',''),(116,'Gonzalo Torrente Ballester',''),(117,'Graham Greene',''),(118,'Guillaume Apollinaire',''),(119,'Günter Grass',''),(120,'Gustave Flaubert',''),(121,'Gustavo Adolfo Bequer',''),(122,'H. G. Wells',''),(123,'Hannah Arendt',''),(124,'Harper Lee',''),(125,'Haruki Murakami',''),(126,'Heinrich Boll',''),(127,'Henry Adams',''),(128,'Henry Fielding',''),(129,'Henry James',''),(130,'Henry Miller',''),(131,'Hergé',''),(132,'Herman Hesse',''),(133,'Herman Melville',''),(134,'Hermann Broch',''),(135,'Hermann Hesse',''),(136,'Hernest Hemingway',''),(137,'Heródoto',''),(138,'Homero',''),(139,'Honore De Balzac',''),(140,'Horacio',''),(141,'Hugo Pratt',''),(142,'Ian McEwan',''),(143,'Ildefonso Falcones',''),(144,'Irving Wallace',''),(145,'Isabel Allende',''),(146,'Ismail Kadare',''),(147,'Italo Calvino',''),(148,'J. D. Salinger',''),(149,'J. K. Rowling',''),(150,'J. M. Coetzee',''),(151,'J. M. G. Le Clézio',''),(152,'J. R. R. Tolkien',''),(153,'Jack Kerouac',''),(154,'Jack London',''),(155,'Jacques Lacan',''),(156,'Jacques Prévert',''),(157,'James Baldwin',''),(158,'James Ellroy',''),(159,'James Hadley Chase',''),(160,'James Joyce',''),(161,'James Matthew Barrie',''),(162,'Jane Austen',''),(163,'Javier Quiñones',''),(164,'Jean Genet',''),(165,'Jean Giono',''),(166,'Jean M. Auel',''),(167,'Jean Rhys',''),(168,'Jean-Jacques Rousseau',''),(169,'Jean-Paul Sartre',''),(170,'Jerome K. Jerome',''),(171,'Jodi Picoult',''),(172,'John Boyne',''),(173,'John Buchan',''),(174,'John Bunyan',''),(175,'John Dos Passos',''),(176,'John Green',''),(177,'John Katzenbach',''),(178,'John Kennedy Toole',''),(179,'John Kenneth Galbraith',''),(180,'John Le Carre',''),(181,'John Maynard Keynes',''),(182,'John Milton',''),(183,'John Steinbeck',''),(184,'Jonathan Swift',''),(185,'Jorge Luis Borges',''),(186,'José Ángel Núñez Pérez',''),(187,'José Luis Sampedro',''),(188,'José Mauro de Vasconcelos',''),(189,'José Saramago',''),(190,'Joseph Conrad',''),(191,'Joseph Heller',''),(192,'Jostein Garden',''),(193,'Juan Carlos Onetti',''),(194,'Juan Ramón Jiménez',''),(195,'Juan Rulfo',''),(196,'Jules Renard',''),(197,'Julien Gracq',''),(198,'Julio Cortázar',''),(199,'Julio Verne',''),(200,'Karl Marx',''),(201,'Kathryn Stockett',''),(202,'Kazuo Ishiguro',''),(203,'Ken Follett',''),(204,'Ken Kesey',''),(205,'Kenneth Grahame',''),(206,'Khaled Hosseini',''),(207,'Kingsley Amis',''),(208,'Kurt Vonnegut',''),(209,'L. M. Montgomery',''),(210,'Laura Esquivel',''),(211,'Laura Gallego García',''),(212,'Laurence Sterne',''),(213,'Lawrence Durrell',''),(214,'León Tolstói',''),(215,'Leopoldo Alas Clarín',''),(216,'Lewis Carroll',''),(217,'Louis Aragon',''),(218,'Louis Ferdinand Céline',''),(219,'Louisa M. Alcott',''),(220,'Louise Hay',''),(221,'Luigi Pirandello',''),(222,'Lytton Strachey',''),(223,'Madeleine L\' Engle',''),(224,'Madox Ford',''),(225,'Malcolm Lowry',''),(226,'Mao Zedong',''),(227,'Maquiavelo',''),(228,'Marcel Proust',''),(229,'Margaret Atwood',''),(230,'Margaret Mitchell',''),(231,'Marguerite Duras',''),(232,'Marguerite Yourcenar',''),(233,'María Dueñas',''),(234,'Marian Keyes',''),(235,'Marilynne Robinson',''),(236,'Mario Vargas Llosa',''),(237,'Mark Twain',''),(238,'Markus Zusak',''),(239,'Marta Rivera de la Cruz',''),(240,'Martin Amis',''),(241,'Mary W. Shelley',''),(242,'Matilde Asensi',''),(243,'Matt Hadom',''),(244,'Matthew Pearl',''),(245,'Maurice Sendak',''),(246,'Megan Fox',''),(247,'Michael Ende',''),(248,'Michael Wallner',''),(249,'Michel Butor',''),(250,'Michel de Montaigne',''),(251,'Michel Foucault',''),(252,'Michel Tournier',''),(253,'Miguel de Cervantes',''),(254,'Miguel Delibes',''),(255,'Mijaíl Bulgakov',''),(256,'Mika Waltari',''),(257,'Milan Kundera',''),(258,'Muriel Spark',''),(259,'Nancy Mitford',''),(260,'Nathalie Sarraute',''),(261,'Nathanael West',''),(262,'Nathaniel Hawthorne',''),(263,'Noah Gordon',''),(264,'Norman Mailer',''),(265,'Orson Scott Card',''),(266,'Oscar Escobar Domiguez',''),(267,'Oscar Wilde',''),(268,'Outing Beryl Bainbridge',''),(269,'Ovidio',''),(270,'P. Roth',''),(271,'Pablo Neruda',''),(272,'Pablo Tusset',''),(273,'Patricio Sturlese',''),(274,'Patrick Rothfuss',''),(275,'Patrick Süskind',''),(276,'Paul Auster',''),(277,'Paul Claudel',''),(278,'Paul Éluard',''),(279,'Paulo Coelho',''),(280,'Peter Carey',''),(281,'Philip Pullman',''),(282,'Philip Roth',''),(283,'Pierre Choderlos De Laclos',''),(284,'Pío Baroja',''),(285,'Platón',''),(286,'Primo Levi',''),(287,'Quevedo',''),(288,'Rachel Carson',''),(289,'Rainer Maria Rilke',''),(290,'Ralph Ellison',''),(291,'Ramón María del Valle-Inclán',''),(292,'Ray Bradbury',''),(293,'Raymond Chandler',''),(294,'Raymond Queneau',''),(295,'René Char',''),(296,'René Goscinny y Albert Uderzo',''),(297,'Richard Adams',''),(298,'Richard Wright',''),(299,'Roald Dahl',''),(300,'Robert Fisher',''),(301,'Robert Graves',''),(302,'Robert Louis Stevenson',''),(303,'Robert Musil',''),(304,'Robert Penn Warren',''),(305,'Roland Barthes',''),(306,'Rudyard Kipling',''),(307,'S. Freud',''),(308,'S.E. Hinton',''),(309,'Saint-John Perse',''),(310,'Salman Rushdie',''),(311,'Samuel Beckett',''),(312,'Samuel Richardson',''),(313,'San Agustín',''),(314,'Sándor Márai',''),(315,'Sara Gruen',''),(316,'Saul Bellow',''),(317,'Selma Lagerlöf',''),(318,'Shel Silverstein',''),(319,'Sigmund Freud',''),(320,'Simone de Beauvoir',''),(321,'Stefan Zweig',''),(322,'Stendhal',''),(323,'Stephen Chbosky',''),(324,'Stephen King',''),(325,'Stephenie Meyer',''),(326,'Stieg Larsson',''),(327,'Suzanne Collins',''),(328,'Sylvia Plath',''),(329,'T.S. Elilot',''),(330,'Theodore Dreiser',''),(331,'Thomas Hardy',''),(332,'Thomas Hobbes',''),(333,'Thomas Love Peacock',''),(334,'Thomas Mann',''),(335,'Toni Morrison',''),(336,'Torcuato Luca de Tena',''),(337,'Truman Capote',''),(338,'Tucídides',''),(339,'Umberto Eco',''),(340,'V. S. Naipaul',''),(341,'Vercors Jean Bruller',''),(342,'Veronica Roth',''),(343,'Victor Hugo',''),(344,'Virginia Woolf',''),(345,'Vladimir Nabokov',''),(346,'W. E. B. Du Bois',''),(347,'W. G. Sebald',''),(348,'Walt Whitman',''),(349,'Wayne Dyer',''),(350,'Wilkie Collins',''),(351,'Willa Cather',''),(352,'William Faulkner',''),(353,'William Golding',''),(354,'William Goldman',''),(355,'William James',''),(356,'William Makepeace Thackeray',''),(357,'William Shakespeare',''),(358,'William Styron',''),(359,'Winston Churchill',''),(360,'Yann Martel',''),(361,'Desconocido',''),(362,'Ricardo Marcelo Villalobos',''),(363,'Jose Manuel Ortega Candel',''),(364,'Abraham Silberschatz',''),(365,'Henry F. Korth',''),(366,'S. Sudarshan',''),(367,'Howard Phillips Lovecraft','Más conocido como H. P. Lovecraft, fue un escritor estadounidense, autor de relatos y novelas de terror y ciencia ficción.'),(368,'Colleen McCullough',NULL),(369,'Stephen W. Hawking',NULL),(370,'Alessandro Baricco',NULL),(371,'Ernst Neufert',NULL),(372,'Jeffrey D. Ullman',NULL),(373,'Michaele E. Davis',NULL),(374,'Jon A. Phillips',NULL),(375,'Jacobo Pavón Puertas',NULL),(376,'Ramez Elmasri',NULL),(377,'Shamkant B. Navathe',NULL),(378,'Manuel Acuña Narro',NULL),(379,'José Emilio Pacheco',NULL),(380,'Adrián Dárgelos',NULL),(381,'Carlos Fuentes',NULL),(382,'Elena Poniatowska',NULL),(383,'Juan José Arreola',NULL),(384,'Octavio Paz',NULL),(385,'Rosario Castellanos',NULL),(386,'Sor Juana Inés de la Cruz',NULL),(387,'José Joaquín Fernández de Lizardi',NULL),(388,'Mariano Azuela',NULL),(389,'Mario Benedetti',NULL),(390,'Ramón López Velarde',NULL),(391,'Agustín Yáñez',NULL),(392,'Cristina Rivera Garza',NULL),(393,'Richard I. Levin',NULL),(394,'David S. Rubin',NULL),(395,'Mario F. Triola',NULL),(396,'Barry Render',NULL),(397,'Ralph M. Stair',NULL),(398,'Michael E. Hanna',NULL),(399,'David R. Anderson',NULL),(400,'Dennis J. Sweeney',NULL);
/*!40000 ALTER TABLE `autores` ENABLE KEYS */;
UNLOCK TABLES;

--
-- Table structure for table `autores_libros`
--

DROP TABLE IF EXISTS `autores_libros`;
/*!40101 SET @saved_cs_client     = @@character_set_client */;
/*!50503 SET character_set_client = utf8mb4 */;
CREATE TABLE `autores_libros` (
  `id_autor` int unsigned NOT NULL,
  `id_libro` int unsigned NOT NULL,
  `rol` enum('Autor','Coautor','Editor','Traductor') DEFAULT 'Autor',
  PRIMARY KEY (`id_autor`,`id_libro`),
  KEY `FK_libro_autor` (`id_libro`),
  CONSTRAINT `FK_autor_libro` FOREIGN KEY (`id_autor`) REFERENCES `autores` (`id_autor`) ON DELETE RESTRICT ON UPDATE CASCADE,
  CONSTRAINT `FK_libro_autor` FOREIGN KEY (`id_libro`) REFERENCES `libros` (`id_libro`) ON DELETE CASCADE ON UPDATE CASCADE
) ENGINE=InnoDB DEFAULT CHARSET=utf8mb4 COLLATE=utf8mb4_0900_ai_ci;
/*!40101 SET character_set_client = @saved_cs_client */;

--
-- Dumping data for table `autores_libros`
--

LOCK TABLES `autores_libros` WRITE;
/*!40000 ALTER TABLE `autores_libros` DISABLE KEYS */;
INSERT INTO `autores_libros` VALUES (1,207,'Autor'),(2,226,'Autor'),(2,256,'Autor'),(2,297,'Autor'),(3,112,'Autor'),(4,424,'Autor'),(5,44,'Autor'),(5,290,'Autor'),(5,296,'Autor'),(5,449,'Autor'),(6,188,'Autor'),(7,254,'Autor'),(8,4,'Autor'),(9,34,'Autor'),(10,129,'Autor'),(11,482,'Autor'),(12,167,'Autor'),(13,255,'Autor'),(14,455,'Autor'),(15,219,'Autor'),(16,76,'Autor'),(17,260,'Autor'),(18,488,'Autor'),(19,182,'Autor'),(20,101,'Autor'),(21,477,'Autor'),(22,214,'Autor'),(22,386,'Autor'),(22,439,'Autor'),(23,147,'Autor'),(23,283,'Autor'),(24,224,'Autor'),(25,174,'Autor'),(26,14,'Autor'),(27,109,'Autor'),(28,370,'Autor'),(29,411,'Autor'),(29,445,'Autor'),(30,29,'Autor'),(31,451,'Autor'),(32,170,'Autor'),(33,494,'Autor'),(34,437,'Autor'),(35,229,'Autor'),(35,342,'Autor'),(36,132,'Autor'),(37,277,'Autor'),(38,383,'Autor'),(39,385,'Autor'),(40,115,'Autor'),(41,42,'Autor'),(42,52,'Autor'),(43,450,'Autor'),(43,462,'Autor'),(44,56,'Autor'),(44,237,'Autor'),(44,287,'Autor'),(44,312,'Autor'),(44,346,'Autor'),(45,91,'Autor'),(46,339,'Autor'),(47,261,'Autor'),(48,205,'Autor'),(49,181,'Autor'),(50,175,'Autor'),(51,100,'Autor'),(51,288,'Autor'),(51,392,'Autor'),(52,75,'Autor'),(53,84,'Autor'),(54,148,'Autor'),(55,298,'Autor'),(56,428,'Autor'),(57,218,'Autor'),(57,232,'Autor'),(57,347,'Autor'),(58,99,'Autor'),(58,169,'Autor'),(59,48,'Autor'),(59,126,'Autor'),(60,98,'Autor'),(61,70,'Autor'),(62,458,'Autor'),(63,402,'Autor'),(64,280,'Autor'),(65,179,'Autor'),(66,319,'Autor'),(67,140,'Autor'),(68,268,'Autor'),(69,497,'Autor'),(70,86,'Autor'),(71,69,'Autor'),(72,234,'Autor'),(72,553,'Autor'),(73,443,'Autor'),(74,376,'Autor'),(75,409,'Autor'),(75,469,'Autor'),(76,231,'Autor'),(77,501,'Autor'),(78,373,'Autor'),(79,22,'Autor'),(80,252,'Autor'),(81,262,'Autor'),(81,334,'Autor'),(81,367,'Autor'),(82,498,'Autor'),(83,213,'Autor'),(84,159,'Autor'),(85,279,'Autor'),(85,447,'Autor'),(86,23,'Autor'),(87,417,'Autor'),(87,432,'Autor'),(88,118,'Autor'),(88,311,'Autor'),(88,405,'Autor'),(89,322,'Autor'),(90,210,'Autor'),(91,6,'Autor'),(91,45,'Autor'),(91,281,'Autor'),(92,314,'Autor'),(93,271,'Autor'),(94,404,'Autor'),(95,201,'Autor'),(96,225,'Autor'),(97,266,'Autor'),(98,354,'Autor'),(99,403,'Autor'),(100,15,'Autor'),(100,68,'Autor'),(100,318,'Autor'),(101,217,'Autor'),(102,389,'Autor'),(103,485,'Autor'),(104,1,'Autor'),(104,46,'Autor'),(104,80,'Autor'),(104,425,'Autor'),(105,158,'Autor'),(106,117,'Autor'),(107,124,'Autor'),(107,177,'Autor'),(108,204,'Autor'),(109,3,'Autor'),(109,26,'Autor'),(110,93,'Autor'),(110,94,'Autor'),(110,108,'Autor'),(110,198,'Autor'),(111,244,'Autor'),(112,235,'Autor'),(113,412,'Autor'),(114,475,'Autor'),(115,349,'Autor'),(116,473,'Autor'),(117,331,'Autor'),(118,138,'Autor'),(119,344,'Autor'),(120,9,'Autor'),(120,192,'Autor'),(121,90,'Autor'),(122,289,'Autor'),(123,464,'Autor'),(124,33,'Autor'),(125,343,'Autor'),(126,320,'Autor'),(127,429,'Autor'),(128,103,'Autor'),(129,183,'Autor'),(130,399,'Autor'),(130,471,'Autor'),(131,141,'Autor'),(132,332,'Autor'),(133,38,'Autor'),(134,152,'Autor'),(135,134,'Autor'),(135,227,'Autor'),(136,65,'Autor'),(137,176,'Autor'),(138,19,'Autor'),(138,74,'Autor'),(139,122,'Autor'),(140,274,'Autor'),(141,310,'Autor'),(142,484,'Autor'),(143,95,'Autor'),(144,476,'Autor'),(145,81,'Autor'),(145,151,'Autor'),(145,233,'Autor'),(145,259,'Autor'),(145,323,'Autor'),(145,335,'Autor'),(145,336,'Autor'),(145,350,'Autor'),(145,374,'Autor'),(146,395,'Autor'),(147,400,'Autor'),(148,21,'Autor'),(149,36,'Autor'),(149,47,'Autor'),(149,49,'Autor'),(149,55,'Autor'),(149,58,'Autor'),(149,62,'Autor'),(149,88,'Autor'),(150,414,'Autor'),(151,348,'Autor'),(152,2,'Autor'),(152,77,'Autor'),(152,120,'Autor'),(152,128,'Autor'),(152,131,'Autor'),(153,73,'Autor'),(154,216,'Autor'),(154,307,'Autor'),(155,368,'Autor'),(156,135,'Autor'),(157,357,'Autor'),(158,474,'Autor'),(159,440,'Autor'),(160,8,'Autor'),(160,408,'Autor'),(161,423,'Autor'),(162,5,'Autor'),(162,85,'Autor'),(162,299,'Autor'),(163,393,'Autor'),(164,418,'Autor'),(165,186,'Autor'),(166,104,'Autor'),(167,246,'Autor'),(168,178,'Autor'),(169,123,'Autor'),(170,195,'Autor'),(171,375,'Autor'),(172,130,'Autor'),(173,242,'Autor'),(174,96,'Autor'),(175,285,'Autor'),(175,378,'Autor'),(176,479,'Autor'),(177,63,'Autor'),(177,486,'Autor'),(178,305,'Autor'),(179,472,'Autor'),(180,379,'Autor'),(181,459,'Autor'),(182,251,'Autor'),(183,20,'Autor'),(183,222,'Autor'),(183,317,'Autor'),(184,31,'Autor'),(185,87,'Autor'),(185,168,'Autor'),(185,215,'Autor'),(185,294,'Autor'),(186,501,'Coautor'),(187,273,'Autor'),(188,190,'Autor'),(189,51,'Autor'),(189,325,'Autor'),(190,97,'Autor'),(190,220,'Autor'),(190,221,'Autor'),(191,64,'Autor'),(192,491,'Autor'),(193,286,'Autor'),(194,467,'Autor'),(195,136,'Autor'),(196,358,'Autor'),(197,321,'Autor'),(198,194,'Autor'),(199,413,'Autor'),(199,438,'Autor'),(200,180,'Autor'),(200,398,'Autor'),(201,278,'Autor'),(202,454,'Autor'),(202,463,'Autor'),(203,27,'Autor'),(203,102,'Autor'),(204,243,'Autor'),(205,203,'Autor'),(206,24,'Autor'),(206,50,'Autor'),(207,324,'Autor'),(208,160,'Autor'),(209,184,'Autor'),(210,196,'Autor'),(211,308,'Autor'),(212,41,'Autor'),(213,444,'Autor'),(214,13,'Autor'),(214,28,'Autor'),(215,306,'Autor'),(216,25,'Autor'),(217,264,'Autor'),(218,57,'Autor'),(219,166,'Autor'),(220,406,'Autor'),(221,275,'Autor'),(222,487,'Autor'),(223,212,'Autor'),(224,238,'Autor'),(225,142,'Autor'),(226,434,'Autor'),(227,187,'Autor'),(228,10,'Autor'),(229,420,'Autor'),(230,18,'Autor'),(231,345,'Autor'),(232,172,'Autor'),(233,326,'Autor'),(234,360,'Autor'),(235,419,'Autor'),(236,153,'Autor'),(236,240,'Autor'),(236,340,'Autor'),(236,355,'Autor'),(236,382,'Autor'),(236,433,'Autor'),(237,40,'Autor'),(238,32,'Autor'),(239,200,'Autor'),(240,448,'Autor'),(241,30,'Autor'),(242,110,'Autor'),(242,302,'Autor'),(242,421,'Autor'),(243,401,'Autor'),(244,253,'Autor'),(245,245,'Autor'),(246,499,'Autor'),(247,206,'Autor'),(247,430,'Autor'),(248,490,'Autor'),(249,456,'Autor'),(250,155,'Autor'),(251,327,'Autor'),(252,284,'Autor'),(253,11,'Autor'),(254,171,'Autor'),(254,257,'Autor'),(255,436,'Autor'),(256,113,'Autor'),(257,250,'Autor'),(257,371,'Autor'),(257,465,'Autor'),(258,353,'Autor'),(259,293,'Autor'),(260,356,'Autor'),(261,390,'Autor'),(262,149,'Autor'),(263,67,'Autor'),(263,366,'Autor'),(263,391,'Autor'),(263,397,'Autor'),(263,480,'Autor'),(264,394,'Autor'),(265,59,'Autor'),(266,501,'Coautor'),(267,12,'Autor'),(268,388,'Autor'),(269,249,'Autor'),(270,380,'Autor'),(271,191,'Autor'),(271,330,'Autor'),(271,365,'Autor'),(272,328,'Autor'),(273,481,'Autor'),(274,139,'Autor'),(275,78,'Autor'),(276,431,'Autor'),(277,267,'Autor'),(278,301,'Autor'),(279,116,'Autor'),(279,144,'Autor'),(279,161,'Autor'),(279,239,'Autor'),(279,258,'Autor'),(279,295,'Autor'),(279,381,'Autor'),(280,460,'Autor'),(281,410,'Autor'),(281,489,'Autor'),(282,493,'Autor'),(283,111,'Autor'),(284,492,'Autor'),(285,185,'Autor'),(286,292,'Autor'),(286,442,'Autor'),(287,269,'Autor'),(288,453,'Autor'),(289,197,'Autor'),(289,452,'Autor'),(290,105,'Autor'),(291,377,'Autor'),(292,79,'Autor'),(292,341,'Autor'),(293,137,'Autor'),(293,276,'Autor'),(294,208,'Autor'),(295,427,'Autor'),(296,154,'Autor'),(297,359,'Autor'),(298,162,'Autor'),(299,435,'Autor'),(300,247,'Autor'),(301,466,'Autor'),(302,66,'Autor'),(302,83,'Autor'),(303,426,'Autor'),(304,352,'Autor'),(305,315,'Autor'),(306,282,'Autor'),(307,422,'Autor'),(308,351,'Autor'),(309,478,'Autor'),(310,150,'Autor'),(310,470,'Autor'),(311,121,'Autor'),(311,304,'Autor'),(312,106,'Autor'),(313,189,'Autor'),(314,316,'Autor'),(315,263,'Autor'),(316,364,'Autor'),(317,333,'Autor'),(318,127,'Autor'),(318,415,'Autor'),(319,165,'Autor'),(320,114,'Autor'),(321,211,'Autor'),(322,125,'Autor'),(322,163,'Autor'),(323,372,'Autor'),(324,362,'Autor'),(324,468,'Autor'),(325,72,'Autor'),(325,133,'Autor'),(325,143,'Autor'),(325,156,'Autor'),(325,291,'Autor'),(326,303,'Autor'),(326,361,'Autor'),(326,384,'Autor'),(327,35,'Autor'),(327,54,'Autor'),(327,173,'Autor'),(328,446,'Autor'),(329,248,'Autor'),(330,387,'Autor'),(331,209,'Autor'),(332,193,'Autor'),(333,119,'Autor'),(334,61,'Autor'),(335,146,'Autor'),(335,202,'Autor'),(336,53,'Autor'),(337,89,'Autor'),(338,199,'Autor'),(339,43,'Autor'),(340,407,'Autor'),(341,228,'Autor'),(342,461,'Autor'),(343,39,'Autor'),(344,71,'Autor'),(344,107,'Autor'),(344,313,'Autor'),(344,337,'Autor'),(344,457,'Autor'),(345,7,'Autor'),(346,241,'Autor'),(347,496,'Autor'),(348,272,'Autor'),(349,363,'Autor'),(350,157,'Autor'),(351,416,'Autor'),(352,16,'Autor'),(352,82,'Autor'),(352,236,'Autor'),(352,483,'Autor'),(353,37,'Autor'),(354,230,'Autor'),(355,441,'Autor'),(356,145,'Autor'),(357,17,'Autor'),(357,92,'Autor'),(357,164,'Autor'),(357,265,'Autor'),(357,329,'Autor'),(357,552,'Autor'),(358,396,'Autor'),(359,495,'Autor'),(360,309,'Autor'),(361,60,'Autor'),(361,223,'Autor'),(361,270,'Autor'),(361,300,'Autor'),(361,338,'Autor'),(361,369,'Autor'),(361,500,'Autor'),(362,502,'Autor'),(363,503,'Autor'),(364,504,'Autor'),(365,504,'Coautor'),(366,504,'Coautor'),(367,551,'Autor'),(370,508,'Autor'),(372,533,'Autor');
/*!40000 ALTER TABLE `autores_libros` ENABLE KEYS */;
UNLOCK TABLES;

--
-- Table structure for table `clientes`
--

DROP TABLE IF EXISTS `clientes`;
/*!40101 SET @saved_cs_client     = @@character_set_client */;
/*!50503 SET character_set_client = utf8mb4 */;
CREATE TABLE `clientes` (
  `id_cliente` int unsigned NOT NULL AUTO_INCREMENT,
  `nombre` varchar(30) NOT NULL,
  `apellido1` varchar(30) NOT NULL,
  `apellido2` varchar(30) DEFAULT NULL,
  `fecha_nacimiento` date NOT NULL,
  `correo` varchar(100) NOT NULL,
  `contrasena` char(64) NOT NULL,
  `sexo` enum('H','M') DEFAULT NULL,
  `telefono` varchar(10) DEFAULT NULL,
  `id_direccion` int unsigned NOT NULL,
  PRIMARY KEY (`id_cliente`),
  UNIQUE KEY `correo` (`correo`),
  UNIQUE KEY `nombre` (`nombre`,`apellido1`,`apellido2`),
  KEY `id_direccion` (`id_direccion`),
  CONSTRAINT `clientes_ibfk_1` FOREIGN KEY (`id_direccion`) REFERENCES `direcciones` (`id_direccion`)
) ENGINE=InnoDB AUTO_INCREMENT=61 DEFAULT CHARSET=utf8mb4 COLLATE=utf8mb4_0900_ai_ci;
/*!40101 SET character_set_client = @saved_cs_client */;

--
-- Dumping data for table `clientes`
--

LOCK TABLES `clientes` WRITE;
/*!40000 ALTER TABLE `clientes` DISABLE KEYS */;
INSERT INTO `clientes` VALUES (1,'Abril','Alarcón',NULL,'1900-03-10','aan@ciencias.unam.mx','5eac43aceba42c8757b54003a58277b5','M','5566332211',1),(2,'Alexis','Martínez','Xospa','1978-09-09','amx@ciencias.unam.mx','3ffbca340458ec97ac6c5b29ec8a0959','H','5544112288',2),(3,'Alma','Maguey','Peralta','1998-04-25','amp@ciencias.unam.mx','18db88e213c3105b6e93978ea8620203','M','5577889944',3),(4,'Axa','Sánchez','Ramírez','1982-06-13','asr@ciencias.unam.mx','b9d10efec8aaa90fc37d8edcfdcfe468','M','5588116644',4),(5,'César','Ramírez',NULL,'1953-07-18','crn@ciencias.unam.mx','0089e05d72607eef42268913153d1965','H','5544668822',5),(6,'Cristina','Sánchez',NULL,'1999-06-18','csn@ciencias.unam.mx','cbf61ba8776142d4b40533f7eaaa7898','M','5533220088',6),(7,'Karime','Cruz','Rivera','1988-08-30','kcr@ciencias.unam.mx','db69486ae8cf7d9f207bd31719e39f11','M','5500113322',7),(8,'Monserrat','Alcalá','González','1961-08-13','mag@ciencias.unam.mx','a10c040409060b6699200df6945944b6','M','5599006611',8),(9,'David','Lugo','Hernández','1964-12-05','dlh@ciencias.unam.mx','ad833a2b95afa757a5ac7b8ad03b733e','H','5577009944',9),(10,'Rodrigo','Rubio','Sánchez','1973-03-21','rrs@ciencias.unam.mx','653ef39f7f9b30afa3e00198fdc425f8','H','5566007788',10),(11,'Diana','Linares','Jiménez','1994-06-05','dlj@ciencias.unam.mx','728ee9df4d351702ef89978d85153d30','M','5533006699',11),(12,'Edgar','Cardoso','Olvera','1987-02-22','eco@ciencias.unam.mx','47ca3757465100f6b8eb750bbcdf244b','H','5577009944',12),(13,'Elisa','Ramírez','Ramírez','2000-01-01','err@ciencias.unam.mx','bfd8612f06f766e4137e7a4fcfe5783c','M','55664437',13),(14,'Emilio','Becerril',NULL,'1994-05-08','ebn@ciencias.unam.mx','4d53b5ef1d55fd0243b7ebd4ffee3676','H','5650553000',14),(15,'Fernando','Becerril','Herrera','1976-11-12','fbh@ciencias.unam.mx','f8e0469c1cdacf7e659147a9ad03477b','H','5577994400',15),(16,'Fernando','Monrroy','López','1983-12-30','fml@ciencias.unam.mx','09a0338f5c957e0fa2160cc1ddd3ac61','H','5533110066',16),(17,'Francisco','Rincón','Ortega','1968-11-02','fro@ciencias.unam.mx','5321420cd2df84ba99c8e452c6716449','H','5500226677',17),(18,'Gisela','Jiménez','García','1955-05-05','gjg@ciencias.unam.mx','767c0a457d9c8542072d8e7026208c6e','M','5500116677',18),(19,'Mauricio','López','Monterrubio','1966-08-15','mlm@ciencias.unam.mx','42837825c539ae1c04c2d4b65c592714','H','5533007799',19),(20,'Jesús','Arriaga',NULL,'1989-12-03','jaa@ciencias.unam.mx','1da95ec854765b483bf5abbad50c0e6f','H','5500885522',20),(21,'Eduardo','Morales','Florencio','1970-04-03','emf@ciencias.unam.mx','2f4ec4e2a6613a88dffceb02f59268d2','H','5566550011',21),(22,'Jesús','Morales',NULL,'1969-12-10','jmm@ciencias.unam.mx','f26093d7e5b75fc27689251cff1e3c0b','H','550033455',22),(23,'Jonathan','Ramírez',NULL,'1998-03-07','jrr@ciencias.unam.mx','d94702549758a0a310ceea0f80794b1f','H','5577990044',23),(24,'Jordan','Velázquez','Necoechea','2000-06-30','jvn@ciencias.unam.mx','5046921b305709ddfe0385da8c53297f','H','5500778833',24),(25,'José','Becerra','Burguete','1998-09-09','jbb@ciencias.unam.mx','136b362cde2bbe215bb6bfeb44ace7c1','H','5544660011',25),(26,'José','Eduardo',NULL,'1990-01-19','jen@ciencias.unam.mx','f4e736ab3d56a1ffc9c7c2183d55a2e5','H','5500331100',26),(27,'José','Sosa','Santaella','1984-09-29','jss@ciencias.unam.mx','1c1b88f73693e45676696dec37ba554a','H','5500556644',27),(28,'Josué','Ontiveros','Hernández','1987-07-14','joh@ciencias.unam.mx','8f6fb228e3b40ff5e1fe7833f91b678a','H','5588220033',28),(29,'Karen','Castillo','Hernández','1996-11-14','kch@ciencias.unam.mx','b6442d8f8d3be6fa0db043bcdd7d9800','M','5500212698',29),(30,'Karime','Rivera',NULL,'1966-04-24','krn@ciencias.unam.mx','5d0281d5503e5f37892aaa6a9464e981','M','5533004411',30),(31,'Manuel','Zárate',NULL,'1975-05-16','mzn@ciencias.unam.mx','4df9c7655f3dd3a1360ae82dd1d8e557','H','5522005522',31),(32,'María','Colón',NULL,'1994-12-06','mcn@ciencias.unam.mx','134b93117447e8c729b451b3550c00f3','M','5512346798',32),(33,'Fernanda','González','Frausto','1994-03-11','fgf@ciencias.unam.mx','cc3b7c240fb0b8f200a604cd6ed5d7f6','M','5500123645',33),(34,'Maricruz','Morales','Matías','1992-10-11','mmm@ciencias.unam.mx','29aa029166103641665751d63498ce7d','M','5588221234',34),(35,'Mario','Ruíz','Vasconcelos','1967-10-05','mrv@ciencias.unam.mx','54fe355957e8ff278158010b2c2ba862','H','5599554879',35),(36,'Leonardo','Flores','Centeno','1964-11-30','mfc@ciencias.unam.mx','495be4896c0ba56c90bd0515953c81af','M','5500117821',36),(37,'Mayra','Maldonado','Soriano','1970-12-28','mms@ciencias.unam.mx','1cbff31dd535e71921dbd2bfffa70e17','M','5500220012',37),(38,'Moisés','Dávila','Alvarado','1998-04-20','mda@ciencias.unam.mx','e887ea51c9fafdd337faea11b754d3af','H','5555221346',38),(39,'Mon','Lo',NULL,'1973-06-15','mln@ciencias.unam.mx','058110e96f55ab65b976eb3be029e128','M','5544001123',39),(40,'Paulina','Sánchez','Romero','1989-02-11','psr@ciencias.unam.mx','abc6ae22c9251e4c609308200a409aad','M','5500991255',40),(41,'Roberto','Alcalá','Mejía','1959-01-18','ram@ciencias.unam.mx','1355a9868b71ec2b9eea7e78a77159c7','H','5544663312',41),(42,'Sergio','Salgado','Islas','1986-04-17','ssi@ciencias.unam.mx','ed24faad1b898ab69e5b6a9f930a5bfe','H','5512010222',42),(43,'Sheila','Mondragón',NULL,'1980-08-15','smn@ciencias.unam.mx','d87ebfc09f2b67e14812dd024a6dcc90','M','5523449156',43),(44,'Jocelyn','Molina','Téllez','1993-05-30','jmt@ciencias.unam.mx','ab7ce7571b223cf0a37885dda0880b17','M','5582134856',44),(45,'Alvin','Yakitori',NULL,'1982-07-20','ayn@ciencias.unam.mx','9bf400d319e2562a35596c3b55ceff93','H','5521170256',45),(46,'Jeferson','Gutierritoz',NULL,'1998-01-19','jgn@ciencias.unam.mx','88f782562f1edb88492465835ff2752d','H','5522178963',46),(47,'Andrea','López','Bautista','1976-03-12','alb@ciencias.unam.mx','df4d85d3b36b38a491191b9f8f0e4a76','M','5582135866',47),(48,'Hannia','Sánchez','Hernández','1963-07-28','hsh@ciencias.unam.mx','c329495f099282c9487c426af93e9c19','M','5544258963',48),(49,'Cinthya','Acosta','Hernández','1982-11-17','cah@ciencias.unam.mx','a1e2d265d00ad12376bb34bd1cc0dd47','M','5512456300',49),(50,'Quiroz','López','Ortega','2001-02-11','qlo@ciencias.unam.mx','342004d89cfd37a5571816884970e96a','H','5511990014',50),(51,'Aldo','Lemus','Vázquez','1994-12-31','alv@ciencias.unam.mx','7c9879d739eab7e5d05cb724f00fbf08','H','5533145200',51),(52,'Araceli','Pérez',NULL,'1959-10-12','apn@ciencias.unam.mx','3322481248c763055c87db4d4b3836b9','M','5591564487',52),(53,'Mariana','Lara',NULL,'1974-08-16','mlr@ciencias.unam.mx','f28f8e9cd980f725a7ccd0c686ae840e','M','5520136489',53),(54,'Pedro','Páramo',NULL,'1990-04-13','ppn@ciencias.unam.mx','3c59e2640fca25118e9802f372d12565','H','5544225500',54),(55,'Ricardo','Gonzalez',NULL,'1979-03-11','rgn@ciencias.unam.mx','1500f89d10f542a9266a35a96a25f5f5','H','5578964525',55),(56,'Sofía','Ríos','Platas','1993-09-03','srp@ciencias.unam.mx','7a33df820405736273bd7c8ac213ed99','M','5521365200',56),(57,'Luis','Lagos',NULL,'1967-08-22','lln@ciencias.unam.mx','03132b616a1de472c2381ba7d73b9533','H','5514896533',57),(58,'Eduardo','Sheeran',NULL,'1962-10-01','esn@ciencias.unam.mx','643ccd521998d43cb100d320a925c63c','H','5512450033',58),(59,'Nicolás','Juárez','Juárez','1977-07-13','njj@ciencias.unam.mx','97af5e11699b49f27eb67932aa3d90ec','H','5521478945',59),(60,'Rebeca','López','Álvarez','1960-05-26','rla@ciencias.unam.mx','3b82f2785b28483dc2cbafe8bca45ced','M','5541242425',60);
/*!40000 ALTER TABLE `clientes` ENABLE KEYS */;
UNLOCK TABLES;

--
-- Table structure for table `colonias`
--

DROP TABLE IF EXISTS `colonias`;
/*!40101 SET @saved_cs_client     = @@character_set_client */;
/*!50503 SET character_set_client = utf8mb4 */;
CREATE TABLE `colonias` (
  `id_colonia` int unsigned NOT NULL AUTO_INCREMENT,
  `nombre` varchar(150) NOT NULL,
  `cp` char(5) NOT NULL,
  `clave_mun` char(5) NOT NULL,
  PRIMARY KEY (`id_colonia`),
  UNIQUE KEY `clave_mun` (`clave_mun`,`cp`,`nombre`),
  CONSTRAINT `colonias_ibfk_1` FOREIGN KEY (`clave_mun`) REFERENCES `municipios` (`clave`)
) ENGINE=InnoDB AUTO_INCREMENT=1509 DEFAULT CHARSET=utf8mb4 COLLATE=utf8mb4_0900_ai_ci;
/*!40101 SET character_set_client = @saved_cs_client */;

--
-- Dumping data for table `colonias`
--

LOCK TABLES `colonias` WRITE;
/*!40000 ALTER TABLE `colonias` DISABLE KEYS */;
INSERT INTO `colonias` VALUES (258,'Centro de Azcapotzalco','02000','09002'),(821,'Los Reyes','02010','09002'),(918,'Nuevo Barrio San Rafael','02010','09002'),(1267,'San Rafael','02010','09002'),(1209,'San Marcos','02020','09002'),(1363,'Santo Tomás','02020','09002'),(350,'Del Maestro','02040','09002'),(1272,'San Sebastián','02040','09002'),(738,'Libertad','02050','09002'),(1329,'Santa María Malinalco','02050','09002'),(1373,'Sindicato Mexicano de Electricistas','02060','09002'),(1438,'Un Hogar Para Cada Trabajador','02060','09002'),(357,'Del Recreo','02070','09002'),(899,'Nextengo','02070','09002'),(276,'Clavería','02080','09002'),(1365,'Sector Naval','02080','09002'),(1097,'San Álvaro','02090','09002'),(142,'Ángel Zimbrón','02099','09002'),(422,'El Rosario','02100','09002'),(1212,'San Martín Xochinahuac','02120','09002'),(909,'Nueva El Rosario','02128','09002'),(910,'Nueva España','02129','09002'),(1403,'Tierra Nueva','02130','09002'),(1315,'Santa Inés','02140','09002'),(953,'Pasteros','02150','09002'),(1361,'Santo Domingo','02160','09002'),(1072,'Reynosa Tamaulipas','02200','09002'),(1286,'Santa Bárbara','02230','09002'),(1098,'San Andrés','02240','09002'),(1288,'Santa Catarina','02250','09002'),(572,'Industrial Vallejo','02300','09002'),(486,'Ferrería','02310','09002'),(1102,'San Andrés de las Salinas','02320','09002'),(559,'Huautla de las Salinas','02330','09002'),(1304,'Santa Cruz de las Salinas','02340','09002'),(726,'Las Salinas','02360','09002'),(1189,'San Juan Tlihuaca','02400','09002'),(1018,'Prados del Rosario','02410','09002'),(478,'Ex-Hacienda El Rosario','02420','09002'),(1032,'Providencia','02440','09002'),(1401,'Tezozomoc','02459','09002'),(696,'La Preciosa','02460','09002'),(118,'Ampliación Petrolera','02470','09002'),(979,'Petrolera','02480','09002'),(1213,'San Mateo','02490','09002'),(1440,'Unidad Cuitlahuac','02500','09002'),(390,'El Jagüey','02519','09002'),(457,'Estación Pantaco','02520','09002'),(591,'Jardín Azpeitia','02530','09002'),(1031,'Pro-Hogar','02600','09002'),(284,'Coltongo','02630','09002'),(887,'Monte Alto','02640','09002'),(1431,'Trabajadores de Hierro','02650','09002'),(464,'Euzkadi','02660','09002'),(298,'Cosmopolita','02670','09002'),(1009,'Potrero del Llano','02680','09002'),(1229,'San Miguel Amantla','02700','09002'),(1265,'San Pedro Xalpa','02710','09002'),(128,'Ampliación San Pedro Xalpa','02719','09002'),(1108,'San Antonio','02720','09002'),(1117,'San Bartolo Cahualtongo','02720','09002'),(1141,'San Francisco Tetecala','02730','09002'),(1350,'Santiago Ahuizotla','02750','09002'),(571,'Industrial San Antonio','02760','09002'),(1320,'Santa Lucía','02760','09002'),(1299,'Santa Cruz Acayucan','02770','09002'),(988,'Plenitud','02780','09002'),(1285,'Santa Apolonia','02790','09002'),(915,'Nueva Santa María','02800','09002'),(565,'Ignacio Allende','02810','09002'),(1468,'Victoria de las Democracias','02810','09002'),(1122,'San Bernabé','02830','09002'),(921,'Obrero Popular','02840','09002'),(1421,'Tlatilco','02860','09002'),(1271,'San Salvador Xochimanca','02870','09002'),(48,'Aguilera','02900','09002'),(57,'Aldana','02910','09002'),(82,'Ampliación Cosmopolita','02920','09002'),(735,'Liberación','02930','09002'),(1005,'Porvenir','02940','09002'),(348,'Del Gas','02950','09002'),(1145,'San Francisco Xocotitla','02960','09002'),(84,'Ampliación Del Gas','02970','09002'),(154,'Arenal','02980','09002'),(954,'Patrimonio Familiar','02980','09002'),(699,'La Raza','02990','09002'),(1472,'Villa Coyoacán','04000','09003'),(1289,'Santa Catarina','04010','09003'),(631,'La Concepción','04020','09003'),(1204,'San Lucas','04030','09003'),(947,'Parque San Andrés','04040','09003'),(345,'Del Carmen','04100','09003'),(1129,'San Diego Churubusco','04120','09003'),(1214,'San Mateo','04120','09003'),(221,'Campestre Churubusco','04200','09003'),(271,'Churubusco Country Club','04210','09003'),(1012,'Prado Churubusco','04230','09003'),(545,'Hermosillo','04240','09003'),(951,'Paseos de Taxqueña','04250','09003'),(1136,'San Francisco Culhuacán Barrio de La Magdalena','04260','09003'),(1137,'San Francisco Culhuacán Barrio de San Francisco','04260','09003'),(1138,'San Francisco Culhuacán Barrio de San Juan','04260','09003'),(1139,'San Francisco Culhuacán Barrio de Santa Ana','04260','09003'),(52,'Ajusco','04300','09003'),(1085,'Romero de Terreros','04310','09003'),(930,'Oxtopulco Universidad','04318','09003'),(306,'Cuadrante de San Francisco','04320','09003'),(959,'Pedregal de San Francisco','04320','09003'),(352,'Del Niño Jesús','04330','09003'),(427,'El Rosedal','04330','09003'),(822,'Los Reyes','04330','09003'),(295,'Copilco El Bajo','04340','09003'),(294,'Copilco El Alto','04360','09003'),(296,'Copilco Universidad','04360','09003'),(967,'Pedregal de Santo Domingo','04369','09003'),(172,'Atlántida','04370','09003'),(275,'Ciudad Jardín','04370','09003'),(423,'El Rosario','04380','09003'),(625,'La Candelaria','04380','09003'),(560,'Huayamilpas','04390','09003'),(908,'Nueva Díaz Ordaz','04390','09003'),(371,'Educación','04400','09003'),(980,'Petrolera Taxqueña','04410','09003'),(472,'Ex-Ejido de San Francisco Culhuacán','04420','09003'),(323,'Culhuacán CTM Sección I','04440','09003'),(324,'Culhuacán CTM Sección II','04440','09003'),(329,'Culhuacán CTM Sección V','04440','09003'),(383,'El Centinela','04450','09003'),(173,'Avante','04460','09003'),(1022,'Presidentes Ejidales 1a Sección','04470','09003'),(1023,'Presidentes Ejidales 2a Sección','04470','09003'),(322,'Culhuacán CTM CROC','04480','09003'),(325,'Culhuacán CTM Sección III','04480','09003'),(330,'Culhuacán CTM Sección VI','04480','09003'),(334,'Culhuacán CTM Sección X-A','04480','09003'),(331,'Culhuacán CTM Sección VII','04489','09003'),(321,'Culhuacán CTM Canal Nacional','04490','09003'),(328,'Culhuacán CTM Sección Piloto','04490','09003'),(599,'Jardines del Pedregal de San Ángel','04500','09003'),(1444,'Universidad Nacional Autónoma de México','04510','09003'),(686,'La Otra Banda','04519','09003'),(576,'Insurgentes Cuicuilco','04530','09003'),(965,'Pedregal de Santa Úrsula','04600','09003'),(1497,'Xotepingo','04610','09003'),(1255,'San Pablo Tepetlapa','04620','09003'),(41,'Adolfo Ruiz Cortínes','04630','09003'),(415,'El Reloj','04640','09003'),(1344,'Santa Úrsula Coapa','04650','09003'),(609,'Joyas del Pedregal','04660','09003'),(957,'Pedregal de Carrasco','04700','09003'),(926,'Olímpica','04710','09003'),(205,'Bosques de Tetlameya','04730','09003'),(230,'Cantil del Pedregal','04730','09003'),(382,'El Caracol','04739','09003'),(61,'Alianza Popular Revolucionaria','04800','09003'),(806,'Los Cedros','04800','09003'),(1016,'Prados de Coyoacán','04810','09003'),(443,'Emiliano Zapata','04815','09003'),(807,'Los Cipreses','04830','09003'),(473,'Ex-Ejido de San Pablo Tepetlapa','04840','09003'),(455,'Espartaco','04870','09003'),(594,'Jardines de Coyoacán','04890','09003'),(814,'Los Olivos','04890','09003'),(408,'El Parque de Coyoacán','04899','09003'),(326,'Culhuacán CTM Sección IX-A','04909','09003'),(327,'Culhuacán CTM Sección IX-B','04909','09003'),(332,'Culhuacán CTM Sección VIII','04909','09003'),(240,'Carmen Serdán','04910','09003'),(214,'Cafetales','04918','09003'),(446,'Emiliano Zapata Fraccionamiento Popular','04919','09003'),(811,'Los Girasoles','04920','09003'),(716,'Las Campanas','04929','09003'),(1290,'Santa Cecilia','04930','09003'),(222,'Campestre Coyoacán','04938','09003'),(333,'Culhuacán CTM Sección X','04939','09003'),(828,'Los Sauces','04940','09003'),(394,'El Mirador','04950','09003'),(1481,'Villa Quietud','04960','09003'),(544,'Haciendas de Coyoacán','04970','09003'),(474,'Ex-Ejido de Santa Úrsula Coapa','04980','09003'),(475,'Ex-Hacienda Coapa','04980','09003'),(1469,'Viejo Ejido de Santa Úrsula Coapa','04980','09003'),(307,'Cuajimalpa','05000','09004'),(1505,'Zentlapatl','05010','09004'),(746,'Loma del Padre','05020','09004'),(678,'La Manzanita','05030','09004'),(1256,'San Pedro','05030','09004'),(1254,'San Pablo Chimalpa','05050','09004'),(787,'Lomas de Vista Hermosa','05100','09004'),(292,'Cooperativa Palo Alto','05110','09004'),(529,'Granjas Palo Alto','05118','09004'),(223,'Campestre Palo Alto','05119','09004'),(204,'Bosques de las Lomas','05120','09004'),(790,'Lomas del Chamizal','05129','09004'),(1164,'San José de los Cedros','05200','09004'),(528,'Granjas Navidad','05219','09004'),(1393,'Tepetongo','05220','09004'),(386,'El Ébano','05230','09004'),(403,'El Molino','05240','09004'),(603,'Jesús del Monte','05260','09004'),(66,'Amado Nervo','05269','09004'),(838,'Manzanastitla','05270','09004'),(39,'Adolfo López Mateos','05280','09004'),(402,'El Molinito','05310','09004'),(442,'El Yaqui','05320','09004'),(88,'Ampliación el Yaqui','05330','09004'),(111,'Ampliación Memetla','05330','09004'),(770,'Lomas de Memetla','05330','09004'),(848,'Memetla','05330','09004'),(1311,'Santa Fe Cuajimalpa','05348','09004'),(745,'Locaxco','05360','09004'),(727,'Las Tinajas','05370','09004'),(781,'Lomas de San Pedro','05379','09004'),(435,'El Tianguillo','05400','09004'),(1,'1° de Mayo','05410','09004'),(1196,'San Lorenzo Acopilco','05410','09004'),(291,'Contadero','05500','09004'),(704,'La Venta','05520','09004'),(31,'Abdías García Soto','05530','09004'),(1217,'San Mateo Tlaltenango','05600','09004'),(1342,'Santa Rosa Xochiac','05610','09004'),(303,'Cruz Blanca','05700','09004'),(722,'Las Maromas','05710','09004'),(1490,'Xalpa','05730','09004'),(691,'La Pila','05750','09004'),(721,'Las Lajas','05760','09004'),(47,'Agua Bendita','05780','09004'),(150,'Aragón la Villa','07000','09005'),(1089,'Rosas del Tepeyac','07010','09005'),(1318,'Santa Isabel Tola','07010','09005'),(1392,'Tepetates','07010','09005'),(1395,'Tepeyac Insurgentes','07020','09005'),(1352,'Santiago Atzacoalco','07040','09005'),(1475,'Villa Gustavo A. Madero','07050','09005'),(6,'15 de Agosto','07058','09005'),(460,'Estanzuela','07060','09005'),(1435,'Triunfo de La República','07069','09005'),(364,'Dinamita','07070','09005'),(641,'La Cruz','07070','09005'),(843,'Martín Carrera','07070','09005'),(503,'Gabriel Hernández','07080','09005'),(93,'Ampliación Gabriel Hernández','07089','09005'),(211,'C.T.M. Atzacoalco','07090','09005'),(212,'C.T.M. El Risco','07090','09005'),(311,'Cuautepec Barrio Alto','07100','09005'),(1219,'San Miguel','07100','09005'),(1109,'San Antonio','07109','09005'),(762,'Lomas de Cuautepec','07110','09005'),(109,'Ampliación Malacates','07119','09005'),(836,'Malacates','07119','09005'),(285,'Compositores Mexicanos','07130','09005'),(434,'El Tepetatal','07130','09005'),(72,'Ampliación Arboledas','07140','09005'),(151,'Arboledas','07140','09005'),(491,'Forestal','07140','09005'),(492,'Forestal I','07140','09005'),(493,'Forestal II','07144','09005'),(666,'La Lengüeta','07144','09005'),(944,'Parque Metropolitano','07149','09005'),(614,'Juventino Rosas','07150','09005'),(630,'La Casilda','07150','09005'),(747,'Loma La Palma','07160','09005'),(519,'Graciano Sánchez','07164','09005'),(830,'Luis Donaldo Colosio','07164','09005'),(1017,'Prados de Cuautepec','07164','09005'),(1408,'Tlacaélel','07164','09005'),(934,'Palmatitla','07170','09005'),(81,'Ampliación Cocoyotes','07180','09005'),(278,'Cocoyotes','07180','09005'),(510,'General Felipe Berriozabal','07180','09005'),(24,'6 de Junio','07183','09005'),(1486,'Vista Hermosa','07187','09005'),(1418,'Tlalpexco','07188','09005'),(50,'Ahuehuetes','07189','09005'),(1448,'Valle de Madero','07190','09005'),(346,'Del Carmen','07199','09005'),(312,'Cuautepec de Madero','07200','09005'),(343,'Del Bosque','07207','09005'),(540,'Guadalupe Victoria Cuautepec','07209','09005'),(263,'Chalma de Guadalupe','07210','09005'),(80,'Ampliación Chalma de Guadalupe','07214','09005'),(243,'Castillo Chico','07220','09005'),(244,'Castillo Grande','07220','09005'),(79,'Ampliación Castillo Grande','07224','09005'),(1507,'Zona Escolar','07230','09005'),(1508,'Zona Escolar Oriente','07239','09005'),(378,'El Arbolillo','07240','09005'),(194,'Benito Juárez','07250','09005'),(76,'Ampliación Benito Juárez','07259','09005'),(1375,'Solidaridad Nacional','07268','09005'),(1063,'Residencial Acueducto de Guadalupe','07270','09005'),(36,'Acueducto de Guadalupe','07279','09005'),(604,'Jorge Negrete','07280','09005'),(689,'La Pastora','07290','09005'),(739,'Lindavista Norte','07300','09005'),(740,'Lindavista Sur','07300','09005'),(228,'Candelaria Ticomán','07310','09005'),(698,'La Purísima Ticomán','07320','09005'),(1066,'Residencial la Escalera','07320','09005'),(1334,'Santa María Ticomán','07330','09005'),(665,'La Laguna Ticomán','07340','09005'),(1167,'San José Ticomán','07340','09005'),(537,'Guadalupe Ticomán','07350','09005'),(1191,'San Juan y Guadalupe Ticomán','07350','09005'),(1269,'San Rafael Ticomán','07359','09005'),(1266,'San Pedro Zacatenco','07360','09005'),(1070,'Residencial Zacatenco','07369','09005'),(234,'Capultitlan','07370','09005'),(846,'Maximino Ávila Camacho','07380','09005'),(1409,'Tlacamaca','07380','09005'),(1091,'Salvador Díaz Mirón','07400','09005'),(611,'Juan González Romero','07410','09005'),(1476,'Villa Hermosa','07410','09005'),(384,'El Coyol','07420','09005'),(907,'Nueva Atzacoalco','07420','09005'),(354,'Del Obrero','07430','09005'),(1459,'Vasco de Quiroga','07440','09005'),(366,'DM Nacional','07450','09005'),(487,'Ferrocarrilera','07455','09005'),(734,'LI Legislatura','07456','09005'),(527,'Granjas Modernas','07460','09005'),(290,'Constitución de La República','07469','09005'),(125,'Ampliación San Juan de Aragón','07470','09005'),(1263,'San Pedro El Chico','07480','09005'),(695,'La Pradera','07500','09005'),(1011,'Pradera II Sección','07509','09005'),(1133,'San Felipe de Jesús','07510','09005'),(15,'25 de Julio','07520','09005'),(220,'Campestre Aragón','07530','09005'),(646,'La Esmeralda','07540','09005'),(1033,'Providencia','07550','09005'),(123,'Ampliación Providencia','07560','09005'),(1473,'Villa de Aragón','07570','09005'),(78,'Ampliación Casas Alemán','07580','09005'),(1029,'Progreso Nacional','07600','09005'),(1340,'Santa Rosa','07620','09005'),(1163,'San José de la Escalera','07630','09005'),(1351,'Santiago Atepetlac','07640','09005'),(122,'Ampliación Progreso Nacional','07650','09005'),(535,'Guadalupe Proletaria','07670','09005'),(96,'Ampliación Guadalupe Proletaria','07680','09005'),(911,'Nueva Industrial Vallejo','07700','09005'),(1370,'Siete Maravillas','07707','09005'),(1430,'Torres Lindavista','07708','09005'),(741,'Lindavista Vallejo I Sección','07720','09005'),(272,'Churubusco Tepeyac','07730','09005'),(888,'Montevideo','07730','09005'),(1116,'San Bartolo Atepehuacan','07730','09005'),(986,'Planetario Lindavista','07739','09005'),(1453,'Valle del Tepeyac','07740','09005'),(917,'Nueva Vallejo','07750','09005'),(743,'Lindavista Vallejo III Sección','07754','09005'),(742,'Lindavista Vallejo II Sección','07755','09005'),(832,'Magdalena de las Salinas','07760','09005'),(115,'Ampliación Panamericana','07770','09005'),(936,'Panamericana','07770','09005'),(340,'Defensores de La República','07780','09005'),(546,'Héroe de Nacozari','07780','09005'),(539,'Guadalupe Victoria','07790','09005'),(1458,'Vallejo Poniente','07790','09005'),(569,'Industrial','07800','09005'),(461,'Estrella','07810','09005'),(149,'Aragón Inguarán','07820','09005'),(1433,'Tres Estrellas','07820','09005'),(513,'Gertrudis Sánchez 1a Sección','07830','09005'),(515,'Gertrudis Sánchez 3a Sección','07838','09005'),(514,'Gertrudis Sánchez 2a Sección','07839','09005'),(26,'7 de Noviembre','07840','09005'),(536,'Guadalupe Tepeyac','07840','09005'),(197,'Bondojito','07850','09005'),(481,'Faja de Oro','07850','09005'),(89,'Ampliación Emiliano Zapata','07858','09005'),(110,'Ampliación Mártires de Río Blanco','07859','09005'),(663,'La Joyita','07860','09005'),(1377,'Tablas de San Agustín','07860','09005'),(188,'Belisario Domínguez','07869','09005'),(534,'Guadalupe Insurgentes','07870','09005'),(1457,'Vallejo','07870','09005'),(844,'Mártires de Río Blanco','07880','09005'),(444,'Emiliano Zapata','07889','09005'),(317,'Cuchilla La Joya','07890','09005'),(661,'La Joya','07890','09005'),(916,'Nueva Tenochtitlán','07890','09005'),(676,'La Malinche','07899','09005'),(316,'Cuchilla del Tesoro','07900','09005'),(1181,'San Juan de Aragón VII Sección','07910','09005'),(1180,'San Juan de Aragón VI Sección','07918','09005'),(466,'Ex Ejido San Juan de Aragón Sector 32','07919','09005'),(406,'El Olivo','07920','09005'),(1173,'San Juan de Aragón','07920','09005'),(567,'Indeco','07930','09005'),(549,'Héroes de Chapultepec','07939','09005'),(467,'Ex Ejido San Juan de Aragón Sector 33','07940','09005'),(1174,'San Juan de Aragón','07950','09005'),(468,'Ex Escuela de Tiro','07960','09005'),(485,'Fernando Casas Alemán','07960','09005'),(548,'Héroes de Cerro Prieto','07960','09005'),(1175,'San Juan de Aragón I Sección','07969','09005'),(1176,'San Juan de Aragón II Sección','07969','09005'),(1177,'San Juan de Aragón III Sección','07970','09005'),(1178,'San Juan de Aragón IV Sección','07979','09005'),(1179,'San Juan de Aragón V Sección','07979','09005'),(893,'Narciso Bassols','07980','09005'),(210,'C.T.M. Aragón','07990','09005'),(505,'Gabriel Ramos Millán Sección Bramadero','08000','09006'),(471,'Ex-Ejido de La Magdalena Mixiuhca','08010','09006'),(94,'Ampliación Gabriel Ramos Millán','08020','09006'),(506,'Gabriel Ramos Millán Sección Cuchilla','08030','09006'),(239,'Carlos Zapata Vela','08040','09006'),(45,'Agrícola Pantitlán','08100','09006'),(1467,'Viaducto Piedad','08200','09006'),(914,'Nueva Santa Anita','08210','09006'),(1257,'San Pedro','08220','09006'),(1144,'San Francisco Xicaltongo','08230','09006'),(1354,'Santiago Norte','08240','09006'),(1284,'Santa Anita','08300','09006'),(642,'La Cruz','08310','09006'),(494,'Fraccionamiento Coyuya','08320','09006'),(526,'Granjas México','08400','09006'),(313,'Cuchilla Agrícola Oriental','08420','09006'),(44,'Agrícola Oriental','08500','09006'),(419,'El Rodeo','08510','09006'),(619,'La Asunción','08600','09006'),(1503,'Zapotla','08610','09006'),(823,'Los Reyes','08620','09006'),(1220,'San Miguel','08650','09006'),(615,'Juventino Rosas','08700','09006'),(1424,'Tlazintla','08710','09006'),(507,'Gabriel Ramos Millán Sección Tlacotal','08720','09006'),(504,'Gabriel Ramos Millán','08730','09006'),(574,'INPI Picos','08760','09006'),(818,'Los Picos de Iztacalco Sección 1B','08760','09006'),(819,'Los Picos de Iztacalco Sección 2A','08760','09006'),(817,'Los Picos de Iztacalco Sección 1A','08770','09006'),(1356,'Santiago Sur','08800','09006'),(1056,'Reforma Iztaccíhuatl Norte','08810','09006'),(869,'Militar Marte','08830','09006'),(1057,'Reforma Iztaccíhuatl Sur','08840','09006'),(573,'INFONAVIT Iztacalco','08900','09006'),(1295,'Santa Cruz','08910','09006'),(602,'Jardines Tecma','08920','09006'),(218,'Campamento 2 de Octubre','08930','09006'),(620,'La Asunción','09000','09007'),(1148,'San Ignacio','09000','09007'),(1157,'San José','09000','09007'),(1205,'San Lucas','09000','09007'),(1252,'San Pablo','09000','09007'),(1258,'San Pedro','09000','09007'),(1287,'Santa Bárbara','09000','09007'),(1055,'Real del Moral','09010','09007'),(370,'Dr. Alfonso Ortiz Tirado','09020','09007'),(950,'Paseos de Churubusco','09030','09007'),(247,'Central de Abasto','09040','09007'),(453,'Escuadrón 201','09060','09007'),(1366,'Sector Popular','09060','09007'),(523,'Granjas de San Antonio','09070','09007'),(213,'Cacama','09080','09007'),(1442,'Unidad Modelo','09089','09007'),(550,'Héroes de Churubusco','09090','09007'),(854,'Mexicaltzingo','09099','09007'),(610,'Juan Escutia','09100','09007'),(1203,'San Lorenzo Xicotencatl','09130','09007'),(1338,'Santa Martha Acatitla Norte','09140','09007'),(450,'Ermita Zaragoza','09180','09007'),(1443,'Unidad Vicente Guerrero','09200','09007'),(270,'Chinampac de Juárez','09208','09007'),(1061,'Renovación','09209','09007'),(1389,'Tepalcates','09210','09007'),(1441,'Unidad Ejército Constitucionalista','09220','09007'),(64,'Álvaro Obregón','09230','09007'),(373,'Ejército de Oriente','09230','09007'),(407,'El Paraíso','09230','09007'),(606,'José María Morelos y Pavón','09230','09007'),(374,'Ejército de Oriente Zona Peñón','09239','09007'),(1026,'Progresista','09240','09007'),(700,'La Regadera','09250','09007'),(289,'Constitución de 1917','09260','09007'),(283,'Colonial Iztapalapa','09270','09007'),(584,'Jacarandas','09280','09007'),(1305,'Santa Cruz Meyehualco','09290','09007'),(532,'Guadalupe del Moral','09300','09007'),(731,'Leyes de Reforma 1a Sección','09310','09007'),(732,'Leyes de Reforma 2a Sección','09310','09007'),(733,'Leyes de Reforma 3a Sección','09310','09007'),(315,'Cuchilla del Moral','09319','09007'),(1369,'Sideral','09320','09007'),(54,'Albarrada','09350','09007'),(465,'Eva Sámano de López Mateos','09359','09007'),(127,'Ampliación San Miguel','09360','09007'),(1221,'San Miguel','09360','09007'),(431,'El Sifón','09400','09007'),(1193,'San Juanico Nextipac','09400','09007'),(38,'Aculco','09410','09007'),(593,'Jardines de Churubusco','09410','09007'),(831,'Magdalena Atlazolpa','09410','09007'),(1161,'San José Aculco','09410','09007'),(820,'Los Picos VI-B','09420','09007'),(913,'Nueva Rosita','09420','09007'),(1043,'Purísima Atlazolpa','09429','09007'),(146,'Apatlaco','09430','09007'),(439,'El Triunfo','09430','09007'),(87,'Ampliación El Triunfo','09438','09007'),(416,'El Retoño','09440','09007'),(1103,'San Andrés Tetepilco','09440','09007'),(1499,'Zacahuitzco','09440','09007'),(179,'Banjidal','09450','09007'),(613,'Justo Sierra','09460','09007'),(1372,'Sinatel','09470','09007'),(132,'Ampliación Sinatel','09479','09007'),(414,'El Prado','09480','09007'),(1323,'Santa María Aztahuacán','09500','09007'),(1325,'Santa María Aztahuacán Ampliación','09500','09007'),(1337,'Santa Martha Acatitla','09510','09007'),(387,'El Edén','09520','09007'),(1275,'San Sebastián Tecoloxtitla','09520','09007'),(1339,'Santa Martha Acatitla Sur','09530','09007'),(886,'Monte Alban','09550','09007'),(942,'Paraje Zacatepec','09560','09007'),(1324,'Santa María Aztahuacán','09570','09007'),(372,'Ejército de Agua Prieta','09578','09007'),(1347,'Santiago Acahualtepec','09600','09007'),(1348,'Santiago Acahualtepec 1ra. Ampliación','09608','09007'),(1349,'Santiago Acahualtepec 2a. Ampliación','09609','09007'),(788,'Lomas de Zaragoza','09620','09007'),(1232,'San Miguel Teotongo Sección Acorralado','09630','09007'),(1233,'San Miguel Teotongo Sección Avisadero','09630','09007'),(1234,'San Miguel Teotongo Sección Capilla','09630','09007'),(1235,'San Miguel Teotongo Sección Corrales','09630','09007'),(1236,'San Miguel Teotongo Sección Guadalupe','09630','09007'),(1237,'San Miguel Teotongo Sección Iztlahuaca','09630','09007'),(1238,'San Miguel Teotongo Sección Jardines','09630','09007'),(1239,'San Miguel Teotongo Sección La Cruz','09630','09007'),(1240,'San Miguel Teotongo Sección Loma Alta','09630','09007'),(1241,'San Miguel Teotongo Sección Mercedes','09630','09007'),(1242,'San Miguel Teotongo Sección Palmitas','09630','09007'),(1243,'San Miguel Teotongo Sección Puente','09630','09007'),(1244,'San Miguel Teotongo Sección Ranchito','09630','09007'),(1245,'San Miguel Teotongo Sección Rancho Bajo','09630','09007'),(1246,'San Miguel Teotongo Sección Torres','09630','09007'),(224,'Campestre Potrero','09637','09007'),(90,'Ampliación Emiliano Zapata','09638','09007'),(766,'Lomas de la Estancia','09640','09007'),(1491,'Xalpa','09640','09007'),(1253,'San Pablo','09648','09007'),(273,'Citlalli','09660','09007'),(935,'Palmitas','09670','09007'),(1387,'Tenorios','09680','09007'),(180,'Barranca de Guadalupe','09689','09007'),(583,'Iztlahuacán','09690','09007'),(876,'Miravalles','09696','09007'),(859,'Miguel de La Madrid Hurtado','09698','09007'),(208,'Buenavista','09700','09007'),(237,'Carlos Hank Gonzalez','09700','09007'),(363,'Desarrollo Urbano Quetzalcoatl','09700','09007'),(1306,'Santa Cruz Meyehualco','09700','09007'),(341,'Degollado','09704','09007'),(342,'Degollado - Mexicatlalli','09705','09007'),(1162,'San José Buenavista','09706','09007'),(878,'Mixcoatl','09708','09007'),(782,'Lomas de Santa Cruz','09709','09007'),(804,'Los Ángeles Apanoaya','09710','09007'),(497,'Francisco Villa','09720','09007'),(645,'La Era','09720','09007'),(1059,'Reforma Política','09730','09007'),(1021,'Presidentes de México','09740','09007'),(575,'Insurgentes','09750','09007'),(694,'La Polvorilla','09750','09007'),(724,'Las Peñas','09750','09007'),(288,'Consejo Agrarista Mexicano','09760','09007'),(437,'El Triángulo','09769','09007'),(1039,'Puente Blanco','09770','09007'),(144,'Año de Juárez','09780','09007'),(780,'Lomas de San Lorenzo','09780','09007'),(1200,'San Lorenzo Tezonco','09790','09007'),(320,'Culhuacán','09800','09007'),(395,'El Mirador','09800','09007'),(462,'Estrella Culhuacán','09800','09007'),(499,'Fuego Nuevo','09800','09007'),(1113,'San Antonio Culhuacán','09800','09007'),(1276,'San Simón Culhuacán','09800','09007'),(1436,'Tula','09800','09007'),(1447,'Valle de Luces','09800','09007'),(524,'Granjas Esmeralda','09810','09007'),(808,'Los Cipreses','09810','09007'),(871,'Minerva','09810','09007'),(1028,'Progreso del Sur','09810','09007'),(1452,'Valle del Sur','09819','09007'),(430,'El Santuario','09820','09007'),(463,'Estrella del Sur','09820','09007'),(1073,'Ricardo Flores Magón','09820','09007'),(1317,'Santa Isabel Industrial','09820','09007'),(124,'Ampliación Ricardo Flores Magón','09828','09007'),(86,'Ampliación El Santuario','09829','09007'),(393,'El Manto','09830','09007'),(404,'El Molino','09830','09007'),(793,'Lomas El Manto','09830','09007'),(802,'Los Ángeles','09830','09007'),(940,'Paraje San Juan','09830','09007'),(1227,'San Miguel 8va. Ampliación','09837','09007'),(985,'Plan de Iguala','09838','09007'),(116,'Ampliación Paraje San Juan','09839','09007'),(1183,'San Juan Joya','09839','09007'),(827,'Los Reyes Culhuacán','09840','09007'),(108,'Ampliación Los Reyes','09849','09007'),(1190,'San Juan Xalpa','09850','09007'),(1250,'San Nicolás Tolentino','09850','09007'),(1326,'Santa María del Monte','09850','09007'),(138,'Ampliación Veracruzana','09856','09007'),(459,'Estado de Veracruz','09856','09007'),(941,'Paraje San Juan Cerro','09858','09007'),(195,'Benito Juárez','09859','09007'),(75,'Ampliación Bellavista','09860','09007'),(192,'Bellavista','09860','09007'),(242,'Casa Blanca','09860','09007'),(262,'Cerro de La Estrella','09860','09007'),(420,'El Rodeo','09860','09007'),(946,'Parque Nacional Cerro  de la Estrella','09860','09007'),(1182,'San Juan Estrella','09868','09007'),(5,'12 de Diciembre','09870','09007'),(1104,'San Andrés Tomatlán','09870','09007'),(1335,'Santa María Tomatlán','09870','09007'),(441,'El Vergel','09880','09007'),(525,'Granjas Estrella','09880','09007'),(794,'Lomas Estrella','09890','09007'),(238,'Carlos Jonguitud Barrios','09897','09007'),(530,'Guadalupe','09900','09007'),(1110,'San Antonio','09900','09007'),(1194,'San Lorenzo','09900','09007'),(647,'La Esperanza','09910','09007'),(605,'José López Portillo','09920','09007'),(424,'El Rosario','09930','09007'),(595,'Jardines de San Lorenzo Tezonco','09940','09007'),(62,'Allapetlalli','09960','09007'),(246,'Celoalliotli','09960','09007'),(405,'El Molino Tezonco','09960','09007'),(692,'La Planta','09960','09007'),(1445,'USCOVI','09960','09007'),(227,'Cananea','09969','09007'),(1449,'Valle de San Lorenzo','09970','09007'),(797,'Lomas Quebradas','10000','09008'),(677,'La Malinche','10010','09008'),(1115,'San Bartolo Ameyalco','10010','09008'),(309,'Cuauhtémoc','10020','09008'),(392,'El Maestro','10130','09008'),(1154,'San Jerónimo Lídice','10200','09008'),(1123,'San Bernabé Ocotepec','10300','09008'),(432,'El Tanque','10320','09008'),(717,'Las Cruces','10330','09008'),(816,'Los Padres','10340','09008'),(779,'Lomas de San Bernabé','10350','09008'),(561,'Huayatla','10360','09008'),(121,'Ampliación Potrerillo','10368','09008'),(105,'Ampliación Lomas de San Bernabé','10369','09008'),(1405,'Tierra Unida','10369','09008'),(932,'Palmas','10370','09008'),(168,'Atacaxco','10378','09008'),(1487,'Vista Hermosa','10379','09008'),(184,'Barros Sierra','10380','09008'),(1153,'San Jerónimo Aculco','10400','09008'),(183,'Barrio San Francisco','10500','09008'),(181,'Barranca Seca','10580','09008'),(421,'El Rosal','10600','09008'),(436,'El Toro','10610','09008'),(1007,'Potrerillo','10620','09008'),(628,'La Carbonera','10640','09008'),(1036,'Pueblo Nuevo Alto','10640','09008'),(1037,'Pueblo Nuevo Bajo','10640','09008'),(389,'El Ermitaño','10660','09008'),(551,'Héroes de Padierna','10700','09008'),(1343,'Santa Teresa','10710','09008'),(643,'La Cruz','10800','09008'),(1135,'San Francisco','10810','09008'),(653,'La Guadalupe','10820','09008'),(632,'La Concepción','10830','09008'),(715,'Las Calles','10840','09008'),(987,'Plazuela del Pedregal','10840','09008'),(1251,'San Nicolás Totolapan','10900','09008'),(672,'La Magdalena','10910','09008'),(720,'Las Huertas','10920','09008'),(633,'La Concepción','12000','09009'),(671,'La Luz','12000','09009'),(803,'Los Ángeles','12000','09009'),(1215,'San Mateo','12000','09009'),(1296,'Santa Cruz','12000','09009'),(1336,'Santa Martha','12000','09009'),(1478,'Villa Milpa Alta Centro','12000','09009'),(1092,'San Agustin','12070','09009'),(1096,'San Agustin Ohtenco','12080','09009'),(305,'Cruztitla','12100','09009'),(1383,'Tecaxtitla','12100','09009'),(1386,'Tenantitla','12100','09009'),(1492,'Xaltipac','12100','09009'),(1495,'Xochitepec','12100','09009'),(445,'Emiliano Zapata','12110','09009'),(639,'La Conchita','12110','09009'),(905,'Nochtla','12200','09009'),(924,'Ocotitla','12200','09009'),(937,'Panchimalco','12200','09009'),(1437,'Tula','12200','09009'),(1121,'San Bartolomé Xicomulco','12250','09009'),(1270,'San Salvador Cuauhtenco','12300','09009'),(248,'Centro','12400','09009'),(1169,'San Juan','12400','09009'),(1222,'San Miguel','12400','09009'),(264,'Chalmita','12410','09009'),(1201,'San Lorenzo Tlacoyucan','12500','09009'),(1155,'San Jerónimo Miacatlán','12600','09009'),(1140,'San Francisco Tecoxpa','12700','09009'),(1186,'San Juan Tepenahuac','12800','09009'),(669,'La Lupita Teticpac','12910','09009'),(1210,'San Marcos','12920','09009'),(1223,'San Miguel','12930','09009'),(1158,'San José','12940','09009'),(670,'La Lupita Xolco','12950','09009'),(1106,'San Ángel','01000','09010'),(801,'Los Alpes','01010','09010'),(533,'Guadalupe Inn','01020','09010'),(176,'Axotla','01030','09010'),(490,'Florida','01030','09010'),(219,'Campestre','01040','09010'),(1410,'Tlacopac','01049','09010'),(476,'Ex-Hacienda de Guadalupe Chimalistac','01050','09010'),(63,'Altavista','01060','09010'),(1107,'San Ángel Inn','01060','09010'),(268,'Chimalistac','01070','09010'),(1030,'Progreso Tizapan','01080','09010'),(449,'Ermita Tizapan','01089','09010'),(685,'La Otra Banda','01090','09010'),(800,'Loreto','01090','09010'),(1407,'Tizapan','01090','09010'),(996,'Pólvora','01100','09010'),(638,'La Conchita','01109','09010'),(85,'Ampliación El Capulín','01110','09010'),(186,'Belém de las Flores','01110','09010'),(380,'El Capulín','01110','09010'),(737,'Liberales de 1857','01110','09010'),(35,'Acueducto','01120','09010'),(299,'Cove','01120','09010'),(555,'Hidalgo','01120','09010'),(712,'Las Américas','01120','09010'),(70,'Ampliación Acueducto','01125','09010'),(884,'Molino de Santo Domingo','01130','09010'),(938,'Paraíso','01130','09010'),(1054,'Real del Monte','01130','09010'),(1051,'Reacomodo Pino Suárez','01139','09010'),(191,'Bellavista','01140','09010'),(607,'José Maria Pino Suárez','01140','09010'),(301,'Cristo Rey','01150','09010'),(1425,'Tolteca','01150','09010'),(11,'1a Victoria','01160','09010'),(198,'Bosque','01160','09010'),(580,'Isidro Fabela','01160','09010'),(841,'Maria G. de García Ruiz','01160','09010'),(32,'Abraham M. González','01170','09010'),(27,'8 de Agosto','01180','09010'),(241,'Carola','01180','09010'),(1261,'San Pedro de los Pinos','01180','09010'),(165,'Arturo Martínez','01200','09010'),(1308,'Santa Fe','01210','09010'),(783,'Lomas de Santa Fe','01219','09010'),(196,'Bonanza','01220','09010'),(319,'Cuevitas','01220','09010'),(385,'El Cuernito','01220','09010'),(649,'La Estrella','01220','09010'),(845,'Mártires de Tacubaya','01220','09010'),(1504,'Zenón Delgado','01220','09010'),(225,'Campo de Tiro los Gamitos','01230','09010'),(409,'El Piru 2a Ampliación','01230','09010'),(410,'El Piru Santa Fe','01230','09010'),(810,'Los Gamitos','01230','09010'),(1420,'Tlapechico','01230','09010'),(659,'La Huerta','01239','09010'),(1035,'Pueblo Nuevo','01240','09010'),(377,'El Árbol','01250','09010'),(705,'Ladera','01250','09010'),(772,'Lomas de Nuevo México','01250','09010'),(839,'Margarita Maza de Juárez','01250','09010'),(1384,'Tecolalco','01250','09010'),(100,'Ampliación La Cebada','01259','09010'),(681,'La Mexicana 2a Ampliación','01259','09010'),(102,'Ampliación La Mexicana','01260','09010'),(217,'Calzada Jalalpa','01260','09010'),(680,'La Mexicana','01260','09010'),(688,'La Palmita','01260','09010'),(736,'Liberación Proletaria','01260','09010'),(10,'1a Sección Cañada','01269','09010'),(18,'2a Sección Cañada','01269','09010'),(433,'El Tejocote','01270','09010'),(516,'Golondrinas','01270','09010'),(517,'Golondrinas 1a Sección','01270','09010'),(518,'Golondrinas 2a Sección','01270','09010'),(697,'La Presa','01270','09010'),(752,'Lomas de Capula','01270','09010'),(1482,'Villa Solidaridad','01275','09010'),(411,'El Pirul','01276','09010'),(362,'Desarrollo Urbano','01278','09010'),(750,'Lomas de Becerra','01279','09010'),(166,'Arvide','01280','09010'),(412,'El Pocito','01280','09010'),(496,'Francisco Villa','01280','09010'),(660,'La Joya','01280','09010'),(418,'El Rodeo','01285','09010'),(1050,'Reacomodo El Cuernito','01289','09010'),(982,'Piloto Adolfo López Mateos','01290','09010'),(1020,'Presidentes','01290','09010'),(98,'Ampliación Jalalpa','01296','09010'),(587,'Jalalpa Tepito','01296','09010'),(588,'Jalalpa Tepito 2a Ampliación','01296','09010'),(119,'Ampliación Piloto Adolfo López Mateos','01298','09010'),(9,'1a Ampliación Presidentes','01299','09010'),(16,'2a Ampliación Presidentes','01299','09010'),(1146,'San Gabriel','01310','09010'),(236,'Carlos A. Madrazo','01320','09010'),(949,'Paseo de las Lomas','01330','09010'),(185,'Bejero del Pueblo Santa Fe','01340','09010'),(1309,'Santa Fe','01376','09010'),(1310,'Santa Fe Centro Ciudad','01376','09010'),(1312,'Santa Fe La Loma','01376','09010'),(1313,'Santa Fe Peña Blanca','01376','09010'),(586,'Jalalpa El Grande','01377','09010'),(1314,'Santa Fe Tlayapaca','01389','09010'),(928,'Olivar del Conde 1a Sección','01400','09010'),(1019,'Preconcreto','01400','09010'),(508,'Galeana','01407','09010'),(929,'Olivar del Conde 2a Sección','01408','09010'),(182,'Barrio Norte','01410','09010'),(931,'Palmas','01410','09010'),(870,'Minas Cristo Rey','01419','09010'),(1090,'Sacramento','01420','09010'),(1331,'Santa María Nonoalco','01420','09010'),(279,'Colina del Sur','01430','09010'),(558,'Hogar y Redención','01450','09010'),(59,'Alfonso XIII','01460','09010'),(58,'Alfalfar','01470','09010'),(883,'Molino de Rosas','01470','09010'),(775,'Lomas de Plateros','01480','09010'),(629,'La Cascada','01490','09010'),(860,'Miguel Gaona Armenta','01500','09010'),(1319,'Santa Lucía','01500','09010'),(1321,'Santa Lucía Chantepec','01509','09010'),(509,'Garcimarrero','01510','09010'),(618,'La Araña','01510','09010'),(805,'Los Cedros','01510','09010'),(91,'Ampliación Estado de Hidalgo','01520','09010'),(107,'Ampliación Los Pirules','01520','09010'),(413,'El Politoco','01520','09010'),(458,'Estado de Hidalgo','01520','09010'),(983,'Piru Santa Lucía','01520','09010'),(297,'Corpus Christy','01530','09010'),(1396,'Tepopotla','01538','09010'),(37,'Acuilotla','01539','09010'),(293,'Cooperativa Unión Olivos','01539','09010'),(178,'Balcones de Cehuayo','01540','09010'),(245,'Cehuaya','01540','09010'),(744,'Llano Redondo','01540','09010'),(1042,'Punta de Cehuaya','01540','09010'),(1480,'Villa Progresista','01548','09010'),(369,'Dos Ríos del Pueblo Santa Lucía','01549','09010'),(133,'Ampliación Tepeaca','01550','09010'),(1081,'Rinconada Las Cuevitas','01550','09010'),(1391,'Tepeaca','01550','09010'),(174,'Ave Real','01560','09010'),(231,'Canutillo','01560','09010'),(232,'Canutillo 2a Sección','01560','09010'),(233,'Canutillo 3a Sección','01560','09010'),(562,'Hueytlale','01566','09010'),(1052,'Reacomodo Valentín Gómez Farías','01569','09010'),(1381,'Tarango','01588','09010'),(417,'El Rincón','01590','09010'),(851,'Merced Gómez','01600','09010'),(280,'Colinas de Tarango','01610','09010'),(1025,'Profesor J. Arturo López Martínez','01610','09010'),(153,'Arcos Centenario','01618','09010'),(477,'Ex-Hacienda de Tarango','01618','09010'),(679,'La Martinica','01619','09010'),(1079,'Rinconada de Tarango','01619','09010'),(785,'Lomas de Tarango','01620','09010'),(776,'Lomas de Puerta Grande','01630','09010'),(812,'Los Juristas','01630','09010'),(1041,'Puerta Grande','01630','09010'),(554,'Herón Proal','01640','09010'),(997,'Ponciano Arriaga','01645','09010'),(19,'2o Reacomodo Tlacuitlapa','01650','09010'),(135,'Ampliación Tlacuitlapa','01650','09010'),(428,'El Ruedo','01650','09010'),(682,'La Milagrosa','01650','09010'),(933,'Palmas Axotitla','01650','09010'),(1322,'Santa Lucía Chantepec','01650','09010'),(1413,'Tlacuitlapa','01650','09010'),(17,'2a Del Moral del Pueblo Tetelpan','01700','09010'),(664,'La Joyita del Pueblo Tetelpan','01700','09010'),(923,'Ocotillos del Pueblo Tetelpan','01700','09010'),(1095,'San Agustín del Pueblo Tetelpan','01700','09010'),(1382,'Tecalcapa del Pueblo Tetelpan','01700','09010'),(1397,'Tetelpan','01700','09010'),(388,'El Encino del Pueblo Tetelpan','01708','09010'),(401,'El Mirador del Pueblo Tetelpan','01708','09010'),(71,'Ampliación Alpes','01710','09010'),(708,'Las Águilas','01710','09010'),(764,'Lomas de Guadalupe','01720','09010'),(56,'Alcantarilla','01729','09010'),(767,'Lomas de las Águilas','01730','09010'),(1040,'Puente Colorado','01730','09010'),(690,'La Peñita del Pueblo Tetelpan','01740','09010'),(1125,'San Clemente Norte','01740','09010'),(1126,'San Clemente Sur','01740','09010'),(709,'Las Águilas 1a Sección','01750','09010'),(710,'Las Águilas 2o Parque','01750','09010'),(711,'Las Águilas 3er Parque','01750','09010'),(104,'Ampliación Las Águilas','01759','09010'),(170,'Atlamaya','01760','09010'),(488,'Flor de María','01760','09010'),(658,'La Herradura del Pueblo Tetelpan','01760','09010'),(617,'La Angostura','01770','09010'),(1165,'San José del Olivar','01770','09010'),(927,'Olivar de los Padres','01780','09010'),(1406,'Tizampampano del Pueblo Tetelpan','01780','09010'),(861,'Miguel Hidalgo','01789','09010'),(768,'Lomas de los Ángeles del Pueblo Tetelpan','01790','09010'),(778,'Lomas de San Ángel Inn','01790','09010'),(1114,'San Bartolo Ameyalco','01800','09010'),(1048,'Rancho San Francisco Pueblo San Bartolo Ameyalco','01807','09010'),(1484,'Villa Verdún','01810','09010'),(375,'Ejido San Mateo','01820','09010'),(749,'Lomas Axomiatla','01820','09010'),(1341,'Santa Rosa Xochiac','01830','09010'),(1429,'Torres de Potrero','01840','09010'),(1046,'Rancho del Carmen del Pueblo San Bartolo Ameyalco','01849','09010'),(1074,'Rincón de la Bolsa','01849','09010'),(753,'Lomas de Chamontoya','01857','09010'),(1412,'Tlacoyaque','01859','09010'),(765,'Lomas de La Era','01860','09010'),(789,'Lomas del Capulín','01863','09010'),(769,'Lomas de los Cedros','01870','09010'),(598,'Jardines del Pedregal','01900','09010'),(1152,'San Jerónimo Aculco','01904','09010'),(621,'La Asunción','13000','09011'),(1291,'Santa Cecilia','13010','09011'),(1159,'San José','13020','09011'),(1170,'San Juan','13030','09011'),(1216,'San Mateo','13040','09011'),(657,'La Habana','13050','09011'),(654,'La Guadalupe','13060','09011'),(1279,'Santa Ana','13060','09011'),(673,'La Magdalena','13070','09011'),(1224,'San Miguel','13070','09011'),(824,'Los Reyes','13080','09011'),(1044,'Quiahuatla','13090','09011'),(1273,'San Sebastián','13093','09011'),(1149,'San Isidro','13094','09011'),(1099,'San Andrés','13099','09011'),(655,'La Guadalupe','13100','09011'),(129,'Ampliación Santa Catarina','13120','09011'),(1346,'Santiago','13120','09011'),(634,'La Concepción','13150','09011'),(1225,'San Miguel','13180','09011'),(862,'Miguel Hidalgo','13200','09011'),(815,'Los Olivos','13210','09011'),(106,'Ampliación Los Olivos','13219','09011'),(714,'Las Arboledas','13219','09011'),(683,'La Nopalera','13220','09011'),(521,'Granjas Cabrera','13230','09011'),(703,'La Turba','13250','09011'),(351,'Del Mar','13270','09011'),(644,'La Draga','13273','09011'),(1470,'Villa Centroamericana','13278','09011'),(43,'Agrícola Metropolitana','13280','09011'),(1280,'Santa Ana Centro','13300','09011'),(1281,'Santa Ana Norte','13300','09011'),(1282,'Santa Ana Poniente','13300','09011'),(1353,'Santiago Centro','13300','09011'),(1355,'Santiago Norte','13300','09011'),(1502,'Zapotitla','13310','09011'),(139,'Ampliación Zapotitla','13315','09011'),(648,'La Estación','13319','09011'),(640,'La Conchita Zapotitlán','13360','09011'),(1283,'Santa Ana Sur','13360','09011'),(1357,'Santiago Sur','13360','09011'),(1143,'San Francisco Tlaltenco','13400','09011'),(798,'López Portillo','13410','09011'),(99,'Ampliación José López Portillo','13419','09011'),(1367,'Selene','13420','09011'),(130,'Ampliación Selene','13430','09011'),(1500,'Zacatenco','13440','09011'),(538,'Guadalupe Tlaltenco','13450','09011'),(925,'Ojo de Agua','13450','09011'),(438,'El Triángulo','13460','09011'),(702,'La Soledad','13508','09011'),(1093,'San Agustín','13508','09011'),(635,'La Concepción','13509','09011'),(668,'La Lupita','13510','09011'),(498,'Francisco Villa','13520','09011'),(585,'Jaime Torres Bodet','13530','09011'),(622,'La Asunción','13530','09011'),(425,'El Rosario','13540','09011'),(1402,'Tierra Blanca','13540','09011'),(101,'Ampliación La Conchita','13545','09011'),(972,'Peña Alta','13549','09011'),(597,'Jardines del Llano','13550','09011'),(1010,'Potrero del Llano','13550','09011'),(1120,'San Bartolomé','13600','09011'),(825,'Los Reyes','13610','09011'),(1297,'Santa Cruz','13625','09011'),(1094,'San Agustín','13630','09011'),(1226,'San Miguel','13640','09011'),(1249,'San Nicolás Tetelco','13700','09011'),(1390,'Tepantitlamilco','13700','09011'),(1416,'Tlalpan','14000','09012'),(1417,'Tlalpan Centro','14000','09012'),(943,'Parque del Pedregal','14010','09012'),(1479,'Villa Olímpica','14020','09012'),(581,'Isidro Fabela','14030','09012'),(97,'Ampliación Isidro Fabela','14039','09012'),(229,'Cantera Puente de Piedra','14040','09012'),(1038,'Pueblo Quieto','14040','09012'),(286,'Comuneros de Santa Úrsula','14049','09012'),(1426,'Toriello Guerra','14050','09012'),(973,'Peña Pobre','14060','09012'),(1087,'Rómulo Sánchez Mireles','14070','09012'),(1134,'San Fernando','14070','09012'),(1260,'San Pedro Apóstol','14070','09012'),(190,'Belisario Domínguez Sección XVI','14080','09012'),(353,'Del Niño Jesús','14080','09012'),(662,'La Joya','14090','09012'),(960,'Pedregal de San Nicolás 1A Sección','14100','09012'),(961,'Pedregal de San Nicolás 2A Sección','14100','09012'),(962,'Pedregal de San Nicolás 3A Sección','14100','09012'),(963,'Pedregal de San Nicolás 4A Sección','14100','09012'),(964,'Pedregal de San Nicolás 5A Sección','14100','09012'),(266,'Chichicaspatl','14108','09012'),(92,'Ampliación Fuentes del Pedregal','14110','09012'),(1075,'Rincón del Pedregal','14120','09012'),(502,'Fuentes del Pedregal','14140','09012'),(792,'Lomas del Pedregal Framboyanes','14150','09012'),(1001,'Popular Santa Teresa','14160','09012'),(552,'Héroes de Padierna','14200','09012'),(596,'Jardines del Ajusco','14200','09012'),(281,'Colinas del Ajusco','14208','09012'),(1428,'Torres de Padierna','14209','09012'),(601,'Jardines en la Montaña','14210','09012'),(945,'Parque Nacional Bosque del Pedregal','14219','09012'),(1374,'Six Flags (Reino Aventura)','14219','09012'),(314,'Cuchilla de Padierna','14220','09012'),(791,'Lomas del Pedregal','14220','09012'),(335,'Cultura Maya','14230','09012'),(809,'Los Encinos','14239','09012'),(773,'Lomas de Padierna','14240','09012'),(796,'Lomas Hidalgo','14240','09012'),(304,'Cruz del Farol','14248','09012'),(863,'Miguel Hidalgo','14250','09012'),(866,'Miguel Hidalgo 2A Sección','14250','09012'),(867,'Miguel Hidalgo 3A Sección','14250','09012'),(868,'Miguel Hidalgo 4A Sección','14250','09012'),(381,'El Capulín','14260','09012'),(865,'Miguel Hidalgo 1A Sección','14260','09012'),(1501,'Zacayucan Peña Pobre','14266','09012'),(339,'De Caramagüey','14267','09012'),(667,'La Lonja','14268','09012'),(650,'La Fama','14269','09012'),(1024,'Primavera','14270','09012'),(939,'Paraje 38','14275','09012'),(912,'Nueva Oriental Coapa','14300','09012'),(1062,'Residencial Acoxpa','14300','09012'),(1068,'Residencial Miramontes','14300','09012'),(469,'Ex Hacienda Coapa','14308','09012'),(189,'Belisario Domínguez','14310','09012'),(489,'Floresta Coyoacán','14310','09012'),(1462,'Vergel Coapa','14320','09012'),(1078,'Rinconada Coapa 2A Sección','14325','09012'),(1388,'Tenorios','14326','09012'),(522,'Granjas Coapa','14330','09012'),(1077,'Rinconada Coapa 1A Sección','14330','09012'),(1463,'Vergel de Coyoacán','14340','09012'),(1464,'Vergel del Sur','14340','09012'),(1013,'Prado Coapa 1A Sección','14350','09012'),(1014,'Prado Coapa 2A Sección','14357','09012'),(1015,'Prado Coapa 3A Sección','14357','09012'),(834,'Magisterial','14360','09012'),(835,'Magisterial Coapa','14360','09012'),(1064,'Residencial Chimali','14370','09012'),(1198,'San Lorenzo Huipulco','14370','09012'),(1477,'Villa Lázaro Cárdenas','14370','09012'),(152,'Arboledas del Sur','14376','09012'),(543,'Hacienda San Juan','14377','09012'),(29,'A.M.S.A','14380','09012'),(1118,'San Bartolo El Chico','14380','09012'),(1047,'Rancho los Colorines','14386','09012'),(470,'Ex Hacienda San Juan de Dios','14387','09012'),(531,'Guadalupe','14388','09012'),(159,'Arenal de Guadalupe','14389','09012'),(894,'Narciso Mendoza','14390','09012'),(1069,'Residencial Villa Coapa','14390','09012'),(1082,'Rinconada Las Hadas','14390','09012'),(1471,'Villa Coapa','14390','09012'),(1105,'San Andrés Totoltepec','14400','09012'),(365,'Divisadero','14406','09012'),(919,'Nuevo Renacimiento de Axalco','14408','09012'),(1385,'Tecorral','14409','09012'),(500,'Fuentes Brotantes','14410','09012'),(336,'Cumbres de Tepetongo','14420','09012'),(853,'Mesa de los Hornos','14420','09012'),(1345,'Santa Úrsula Xitla','14420','09012'),(1399,'Texcaltenco','14426','09012'),(1422,'Tlaxcaltenco la Mesa','14426','09012'),(1188,'San Juan Tepeximilpa','14427','09012'),(1394,'Tepeximilpa la Paz','14427','09012'),(1360,'Santísima Trinidad','14429','09012'),(440,'El Truenito','14430','09012'),(1414,'Tlalcoligia','14430','09012'),(966,'Pedregal de Santa Úrsula Xitla','14438','09012'),(958,'Pedregal de las Águilas','14439','09012'),(829,'Los Volcanes','14440','09012'),(398,'El Mirador 1A Sección','14449','09012'),(399,'El Mirador 2A Sección','14449','09012'),(400,'El Mirador 3A Sección','14449','09012'),(1419,'Tlalpuente','14460','09012'),(984,'Plan de Ayala','14470','09012'),(687,'La Palma','14476','09012'),(1489,'Viveros Coatectlán','14479','09012'),(675,'La Magdalena Petlacalco','14480','09012'),(1248,'San Miguel Xicalco','14490','09012'),(1247,'San Miguel Topilejo','14500','09012'),(1454,'Valle Escondido','14600','09012'),(282,'Colinas del Bosque','14608','09012'),(728,'Las Tórtolas','14609','09012'),(161,'Arenal Tepepan','14610','09012'),(277,'Club de Golf México','14620','09012'),(1124,'San Buenaventura','14629','09012'),(267,'Chimalcoyoc','14630','09012'),(1483,'Villa Tlalpan','14630','09012'),(376,'Ejidos de San Pedro Mártir','14640','09012'),(501,'Fuentes de Tepepan','14643','09012'),(1451,'Valle de Tepepan','14646','09012'),(616,'Juventud Unida','14647','09012'),(891,'Movimiento Organizado de Tlalpan','14647','09012'),(1080,'Rinconada El Mirador','14647','09012'),(1264,'San Pedro Mártir','14650','09012'),(553,'Heróico Colegio Militar','14653','09012'),(1415,'Tlalmille','14657','09012'),(872,'Mirador del Valle','14658','09012'),(840,'María Esther Zuno de Echeverría','14659','09012'),(1228,'San Miguel Ajusco','14700','09012'),(1364,'Santo Tomas Ajusco','14710','09012'),(193,'Belvedere Ajusco','14720','09012'),(763,'Lomas de Cuilotepec','14730','09012'),(1488,'Vistas del Pedregal','14737','09012'),(206,'Bosques del Pedregal','14738','09012'),(12,'2 de Octubre','14739','09012'),(774,'Lomas de Padierna Sur','14740','09012'),(873,'Mirador I','14748','09012'),(874,'Mirador II','14748','09012'),(269,'Chimilli','14749','09012'),(547,'Héroes de 1910','14760','09012'),(948,'Parres El Guarda','14900','09012'),(636,'La Concepción Tlacoapa','16000','09013'),(1111,'San Antonio','16000','09013'),(1171,'San Juan','16000','09013'),(203,'Bosque Residencial del Sur','16010','09013'),(725,'Las Peritas','16010','09013'),(952,'Paseos del Sur','16010','09013'),(1119,'San Bartolo El Chico','16010','09013'),(1187,'San Juan Tepepan','16020','09013'),(1333,'Santa María Tepepan','16020','09013'),(134,'Ampliación Tepepan','16029','09013'),(103,'Ampliación La Noria','16030','09013'),(563,'Huichapan','16030','09013'),(684,'La Noria','16030','09013'),(1008,'Potrero de San Bernardino','16030','09013'),(8,'18','16034','09013'),(1076,'Rinconada Coapa','16035','09013'),(1199,'San Lorenzo La Cebada','16035','09013'),(849,'Mercado de Flores Plantas y Hortalizas','16036','09013'),(126,'Ampliación San Marcos Norte','16038','09013'),(623,'La Asunción','16040','09013'),(1195,'San Lorenzo','16040','09013'),(600,'Jardines del Sur','16050','09013'),(1211,'San Marcos','16050','09013'),(1404,'Tierra Nueva','16050','09013'),(956,'Pblo. Stgo.Tepalcatlalpan, U. H. Rinconada del Sur','16059','09013'),(396,'El Mirador','16060','09013'),(187,'Belén','16070','09013'),(426,'El Rosario','16070','09013'),(656,'La Guadalupita','16070','09013'),(1294,'Santa Crucita','16070','09013'),(701,'La Santísima','16080','09013'),(1127,'San Cristóbal','16080','09013'),(1128,'San Diego','16080','09013'),(1131,'San Esteban','16080','09013'),(1259,'San Pedro','16090','09013'),(1378,'Tablas de San Lorenzo','16090','09013'),(1493,'Xaltocan','16090','09013'),(1307,'Santa Cruz Xochitepec','16100','09013'),(1358,'Santiago Tepalcatlalpan','16200','09013'),(637,'La Concha','16210','09013'),(1207,'San Lucas Xochimanca','16300','09013'),(627,'La Cañada','16310','09013'),(1206,'San Lucas Oriente','16320','09013'),(1400,'Texmic','16340','09013'),(1197,'San Lorenzo Atemoaya','16400','09013'),(786,'Lomas de Tonalco','16410','09013'),(1151,'San Jerónimo','16420','09013'),(391,'El Jazmín','16428','09013'),(1049,'Rancho Tejomulco','16429','09013'),(1494,'Xochipilli','16430','09013'),(145,'Año de Juárez','16440','09013'),(990,'Pocitos','16443','09013'),(1330,'Santa María Nativitas','16450','09013'),(771,'Lomas de Nativitas','16457','09013'),(114,'Ampliación Nativitas','16459','09013'),(1298,'Santa Cruz Acalpixca','16500','09013'),(147,'Apatlaco','16513','09013'),(356,'Del Puente','16513','09013'),(215,'Calpulco','16514','09013'),(651,'La Gallera','16514','09013'),(1398,'Tetitla','16514','09013'),(693,'La Planta','16520','09013'),(718,'Las Cruces','16530','09013'),(719,'Las Flores','16530','09013'),(49,'Ahualapa','16533','09013'),(1450,'Valle de Santa María','16550','09013'),(1147,'San Gregorio Atlapulco','16600','09013'),(1100,'San Andrés','16604','09013'),(826,'Los Reyes','16605','09013'),(20,'3 de Mayo','16606','09013'),(1112,'San Antonio','16607','09013'),(626,'La Candelaria','16609','09013'),(1208,'San Luis Tlaxialtemalco','16610','09013'),(903,'Niños Héroes','16614','09013'),(624,'La Asunción','16615','09013'),(1292,'Santa Cecilia','16616','09013'),(1274,'San Sebastián','16617','09013'),(1160,'San José','16620','09013'),(652,'La Guadalupana','16629','09013'),(1172,'San Juan','16629','09013'),(1185,'San Juan Moyotepec','16630','09013'),(1184,'San Juan Minas','16640','09013'),(1045,'Quirino Mendoza','16710','09013'),(347,'Del Carmen','16720','09013'),(1150,'San Isidro','16739','09013'),(541,'Guadalupita','16740','09013'),(713,'Las Animas','16749','09013'),(216,'Calyequita','16750','09013'),(1132,'San Felipe','16770','09013'),(397,'El Mirador','16776','09013'),(1359,'Santiaguito','16776','09013'),(259,'Cerrillos Primera Sección','16780','09013'),(260,'Cerrillos Segunda Sección','16780','09013'),(261,'Cerrillos Tercera Sección','16780','09013'),(302,'Cristo Rey','16780','09013'),(429,'El Sacrificio','16780','09013'),(898,'Nativitas','16797','09013'),(723,'Las Mesitas','16799','09013'),(1218,'San Mateo Xalpa','16800','09013'),(1088,'Rosario Tlali','16810','09013'),(1101,'San Andrés Ahuayucan','16810','09013'),(1316,'Santa Inés','16810','09013'),(379,'El Calvario','16813','09013'),(1302,'Santa Cruz Chavarrieta','16840','09013'),(265,'Chapultepec','16850','09013'),(1303,'Santa Cruz de Guadalupe','16860','09013'),(1293,'Santa Cecilia Tepetlapa','16880','09013'),(1142,'San Francisco Tlalnepantla','16900','09013'),(981,'Piedad Narvarte','03000','09014'),(169,'Atenor Salas','03010','09014'),(896,'Narvarte Poniente','03020','09014'),(895,'Narvarte Oriente','03023','09014'),(358,'Del Valle Centro','03100','09014'),(578,'Insurgentes San Borja','03100','09014'),(359,'Del Valle Norte','03103','09014'),(360,'Del Valle Sur','03104','09014'),(1411,'Tlacoquemécatl','03200','09014'),(34,'Actipan','03230','09014'),(33,'Acacias','03240','09014'),(1004,'Portales Sur','03300','09014'),(1002,'Portales Norte','03303','09014'),(1300,'Santa Cruz Atoyac','03310','09014'),(1065,'Residencial Emperadores','03320','09014'),(1496,'Xoco','03330','09014'),(512,'General Pedro María Anaya','03340','09014'),(53,'Álamos','03400','09014'),(1006,'Postal','03410','09014'),(858,'Miguel Alemán','03420','09014'),(608,'Josefa Ortiz de Domínguez','03430','09014'),(902,'Niños Héroes','03440','09014'),(897,'Nativitas','03500','09014'),(882,'Moderna','03510','09014'),(582,'Iztaccihuatl','03520','09014'),(1474,'Villa de Cortes','03530','09014'),(344,'Del Carmen','03540','09014'),(1498,'Zacahuitzco','03550','09014'),(55,'Albert','03560','09014'),(1003,'Portales Oriente','03570','09014'),(875,'Miravalle','03580','09014'),(448,'Ermita','03590','09014'),(1466,'Vértiz Narvarte','03600','09014'),(68,'Américas Unidas','03610','09014'),(977,'Periodista','03620','09014'),(568,'Independencia','03630','09014'),(349,'Del Lago','03640','09014'),(730,'Letrán Valle','03650','09014'),(1277,'San Simón Ticumac','03660','09014'),(1332,'Santa María Nonoalco','03700','09014'),(274,'Ciudad de los Deportes','03710','09014'),(904,'Nochebuena','03720','09014'),(1168,'San Juan','03730','09014'),(480,'Extremadura Insurgentes','03740','09014'),(1262,'San Pedro de los Pinos','03800','09014'),(892,'Nápoles','03810','09014'),(28,'8 de Agosto','03820','09014'),(113,'Ampliación Nápoles','03840','09014'),(1166,'San José Insurgentes','03900','09014'),(877,'Mixcoac','03910','09014'),(577,'Insurgentes Mixcoac','03920','09014'),(852,'Merced Gómez','03930','09014'),(300,'Crédito Constructor','03940','09014'),(249,'Centro (Área 1)','06000','09015'),(250,'Centro (Área 2)','06010','09015'),(251,'Centro (Área 3)','06020','09015'),(1376,'Tabacalera','06030','09015'),(252,'Centro (Área 4)','06040','09015'),(253,'Centro (Área 5)','06050','09015'),(254,'Centro (Área 6)','06060','09015'),(255,'Centro (Área 7)','06070','09015'),(256,'Centro (Área 8)','06080','09015'),(257,'Centro (Área 9)','06090','09015'),(556,'Hipódromo','06100','09015'),(287,'Condesa','06140','09015'),(557,'Hipódromo Condesa','06170','09015'),(889,'Morelos','06200','09015'),(976,'Peralvillo','06220','09015'),(1455,'Valle Gómez','06240','09015'),(479,'Ex-Hipódromo de Peralvillo','06250','09015'),(847,'Maza','06270','09015'),(484,'Felipe Pescador','06280','09015'),(542,'Guerrero','06300','09015'),(207,'Buenavista','06350','09015'),(1328,'Santa María la Ribera','06400','09015'),(1327,'Santa María Insurgentes','06430','09015'),(171,'Atlampa','06450','09015'),(1268,'San Rafael','06470','09015'),(308,'Cuauhtémoc','06500','09015'),(612,'Juárez','06600','09015'),(1083,'Roma Norte','06700','09015'),(367,'Doctores','06720','09015'),(1084,'Roma Sur','06760','09015'),(209,'Buenos Aires','06780','09015'),(920,'Obrera','06800','09015'),(1432,'Tránsito','06820','09015'),(456,'Esperanza','06840','09015'),(167,'Asturias','06850','09015'),(1485,'Vista Alegre','06860','09015'),(955,'Paulino Navarro','06870','09015'),(60,'Algarin','06880','09015'),(73,'Ampliación Asturias','06890','09015'),(906,'Nonoalco Tlatelolco','06900','09015'),(1278,'San Simón Tolnáhuac','06920','09015'),(754,'Lomas de Chapultepec I Sección','11000','09016'),(755,'Lomas de Chapultepec II Sección','11000','09016'),(756,'Lomas de Chapultepec III Sección','11000','09016'),(757,'Lomas de Chapultepec IV Sección','11000','09016'),(758,'Lomas de Chapultepec V Sección','11000','09016'),(759,'Lomas de Chapultepec VI Sección','11000','09016'),(760,'Lomas de Chapultepec VII Sección','11000','09016'),(761,'Lomas de Chapultepec VIII Sección','11000','09016'),(885,'Molino del Rey','11040','09016'),(200,'Bosque de Chapultepec II Sección','11100','09016'),(201,'Bosque de Chapultepec III Sección','11100','09016'),(784,'Lomas de Sotelo','11200','09016'),(795,'Lomas Hermosa','11200','09016'),(1202,'San Lorenzo Tlaltenango','11210','09016'),(978,'Periodista','11220','09016'),(163,'Argentina Poniente','11230','09016'),(566,'Ignacio Manuel Altamirano','11240','09016'),(3,'10 de Abril','11250','09016'),(856,'México Nuevo','11260','09016'),(1156,'San Joaquín','11260','09016'),(162,'Argentina Antigua','11270','09016'),(1427,'Torre Blanca','11280','09016'),(136,'Ampliación Torre Blanca','11289','09016'),(564,'Huíchapan','11290','09016'),(1130,'San Diego Ocoyoacac','11290','09016'),(1465,'Verónica Anzures','11300','09016'),(842,'Mariano Escobedo','11310','09016'),(140,'Anáhuac I Sección','11320','09016'),(141,'Anáhuac II Sección','11320','09016'),(1439,'Un Hogar Para Nosotros','11330','09016'),(1362,'Santo Tomas','11340','09016'),(989,'Plutarco Elías Calles','11350','09016'),(46,'Agricultura','11360','09016'),(1423,'Tlaxpana','11370','09016'),(999,'Popotla','11400','09016'),(729,'Legaria','11410','09016'),(1379,'Tacuba','11410','09016'),(900,'Nextitla','11420','09016'),(970,'Pensil Norte','11430','09016'),(1460,'Ventura Pérez de Alva','11430','09016'),(1058,'Reforma Pensil','11440','09016'),(1192,'San Juanico','11440','09016'),(51,'Ahuehuetes Anáhuac','11450','09016'),(881,'Modelo Pensil','11450','09016'),(975,'Peralitos','11450','09016'),(368,'Dos Lagos','11460','09016'),(706,'Lago Norte','11460','09016'),(707,'Lago Sur','11460','09016'),(813,'Los Manzanos','11460','09016'),(22,'5 de Mayo','11470','09016'),(361,'Deportivo Pensil','11470','09016'),(495,'Francisco I Madero','11480','09016'),(998,'Popo','11480','09016'),(120,'Ampliación Popo','11489','09016'),(310,'Cuauhtémoc Pensil','11490','09016'),(971,'Pensil Sur','11490','09016'),(579,'Irrigación','11500','09016'),(991,'Polanco I Sección','11510','09016'),(520,'Granada','11520','09016'),(95,'Ampliación Granada','11529','09016'),(992,'Polanco II Sección','11530','09016'),(993,'Polanco III Sección','11540','09016'),(994,'Polanco IV Sección','11550','09016'),(995,'Polanco V Sección','11560','09016'),(199,'Bosque de Chapultepec I Sección','11580','09016'),(143,'Anzures','11590','09016'),(1067,'Residencial Militar','11600','09016'),(837,'Manuel Avila Camacho','11610','09016'),(226,'Campo Militar 1','11619','09016'),(1060,'Reforma Social','11650','09016'),(202,'Bosque de las Lomas','11700','09016'),(451,'Escandón I Sección','11800','09016'),(452,'Escandón II Sección','11800','09016'),(7,'16 de Septiembre','11810','09016'),(67,'América','11820','09016'),(338,'Daniel Garza','11830','09016'),(83,'Ampliación Daniel Garza','11840','09016'),(1230,'San Miguel Chapultepec I Sección','11850','09016'),(1231,'San Miguel Chapultepec II Sección','11850','09016'),(922,'Observatorio','11860','09016'),(1380,'Tacubaya','11870','09016'),(751,'Lomas de Bezares','11910','09016'),(1053,'Real de las Lomas','11920','09016'),(777,'Lomas de Reforma','11930','09016'),(748,'Lomas Altas','11950','09016'),(511,'General Ignacio Zaragoza','15000','09017'),(1446,'Valentín Gómez Farias','15010','09017'),(1034,'Puebla','15020','09017'),(1506,'Zona Centro','15100','09017'),(590,'Janitzio','15200','09017'),(1456,'Valle Gómez','15210','09017'),(901,'Nicolás Bravo','15220','09017'),(1000,'Popular Rastro','15220','09017'),(447,'Emilio Carranza','15230','09017'),(857,'Michoacana','15240','09017'),(112,'Ampliación Michoacana','15250','09017'),(69,'Ampliación 20 de Noviembre','15260','09017'),(890,'Morelos','15270','09017'),(968,'Penitenciaria','15280','09017'),(4,'10 de Mayo','15290','09017'),(13,'20 de Noviembre','15300','09017'),(23,'5o Tramo 20 de Noviembre','15309','09017'),(483,'Felipe Ángeles','15310','09017'),(177,'Azteca','15320','09017'),(1434,'Tres Mosqueteros','15330','09017'),(137,'Ampliación Venustiano Carranza','15339','09017'),(1461,'Venustiano Carranza','15340','09017'),(117,'Ampliación Penitenciaria','15350','09017'),(1027,'Progresista','15370','09017'),(454,'Escuela de Tiro','15380','09017'),(25,'7 de Julio','15390','09017'),(1086,'Romero Rubio','15400','09017'),(1371,'Simón Bolívar','15410','09017'),(131,'Ampliación Simón Bolívar','15420','09017'),(148,'Aquiles Serdán','15430','09017'),(2,'1° de Mayo','15440','09017'),(337,'Damián Carmona','15450','09017'),(1071,'Revolución','15460','09017'),(864,'Miguel Hidalgo','15470','09017'),(879,'Moctezuma 1a Sección','15500','09017'),(969,'Pensador Mexicano','15510','09017'),(974,'Peñón de los Baños','15520','09017'),(880,'Moctezuma 2a Sección','15530','09017'),(1301,'Santa Cruz Aviación','15540','09017'),(155,'Arenal 1a Sección','15600','09017'),(318,'Cuchilla Pantitlán','15610','09017'),(855,'México (Lic. Benito Juárez)','15620','09017'),(235,'Caracol','15630','09017'),(158,'Arenal 4a Sección','15640','09017'),(160,'Arenal Puerto Aéreo','15640','09017'),(77,'Ampliación Caracol','15650','09017'),(157,'Arenal 3a Sección','15660','09017'),(40,'Adolfo López Mateos','15670','09017'),(156,'Arenal 2a Sección','15680','09017'),(482,'Federal','15700','09017'),(570,'Industrial Puerto Aéreo','15710','09017'),(21,'4 Árboles','15730','09017'),(175,'Aviación Civil','15740','09017'),(74,'Ampliación Aviación Civil','15750','09017'),(589,'Jamaica','15800','09017'),(850,'Merced Balbuena','15810','09017'),(799,'Lorenzo Boturini','15820','09017'),(164,'Artes Gráficas','15830','09017'),(1368,'Sevilla','15840','09017'),(833,'Magdalena Mixiuhca','15850','09017'),(674,'La Magdalena Mixiuhca','15860','09017'),(30,'Aarón Sáenz','15870','09017'),(592,'Jardín Balbuena','15900','09017'),(355,'Del Parque','15960','09017'),(42,'Aeronáutica Militar','15970','09017'),(14,'24 de Abril','15980','09017'),(65,'Álvaro Obregón','15990','09017');
/*!40000 ALTER TABLE `colonias` ENABLE KEYS */;
UNLOCK TABLES;

--
-- Table structure for table `detalle_ventas`
--

DROP TABLE IF EXISTS `detalle_ventas`;
/*!40101 SET @saved_cs_client     = @@character_set_client */;
/*!50503 SET character_set_client = utf8mb4 */;
CREATE TABLE `detalle_ventas` (
  `id_venta` int unsigned NOT NULL,
  `id_inventario` int unsigned NOT NULL,
  `cantidad` smallint unsigned DEFAULT '1',
  `subtotal` decimal(10,0) DEFAULT '0',
  UNIQUE KEY `id_inventario` (`id_inventario`,`id_venta`),
  KEY `id_venta` (`id_venta`),
  CONSTRAINT `detalle_ventas_ibfk_1` FOREIGN KEY (`id_inventario`) REFERENCES `inventario` (`id`) ON DELETE RESTRICT ON UPDATE CASCADE,
  CONSTRAINT `detalle_ventas_ibfk_2` FOREIGN KEY (`id_venta`) REFERENCES `ventas` (`id_venta`) ON DELETE CASCADE ON UPDATE CASCADE
) ENGINE=InnoDB DEFAULT CHARSET=utf8mb4 COLLATE=utf8mb4_0900_ai_ci;
/*!40101 SET character_set_client = @saved_cs_client */;

--
-- Dumping data for table `detalle_ventas`
--

LOCK TABLES `detalle_ventas` WRITE;
/*!40000 ALTER TABLE `detalle_ventas` DISABLE KEYS */;
INSERT INTO `detalle_ventas` VALUES (13,1,5,0),(4,6,1,0),(4,12,1,0),(12,12,1,0),(1,25,1,0),(6,29,1,0),(4,30,2,0),(10,31,2,0),(8,37,1,0),(6,38,1,0),(21,41,1,0),(10,67,1,0),(1,68,2,0),(6,69,1,0),(4,74,2,0),(2,84,3,0),(3,101,2,0),(20,101,2,0),(5,103,1,0),(20,103,1,0),(23,112,1,0);
/*!40000 ALTER TABLE `detalle_ventas` ENABLE KEYS */;
UNLOCK TABLES;

--
-- Table structure for table `direcciones`
--

DROP TABLE IF EXISTS `direcciones`;
/*!40101 SET @saved_cs_client     = @@character_set_client */;
/*!50503 SET character_set_client = utf8mb4 */;
CREATE TABLE `direcciones` (
  `id_direccion` int unsigned NOT NULL AUTO_INCREMENT,
  `calle` varchar(150) NOT NULL,
  `num_ext` varchar(10) NOT NULL,
  `num_int` varchar(10) DEFAULT NULL,
  `id_colonia` int unsigned NOT NULL,
  PRIMARY KEY (`id_direccion`),
  UNIQUE KEY `id_colonia` (`id_colonia`,`calle`,`num_ext`,`num_int`),
  CONSTRAINT `direcciones_ibfk_1` FOREIGN KEY (`id_colonia`) REFERENCES `colonias` (`id_colonia`)
) ENGINE=InnoDB AUTO_INCREMENT=65 DEFAULT CHARSET=utf8mb4 COLLATE=utf8mb4_0900_ai_ci;
/*!40101 SET character_set_client = @saved_cs_client */;

--
-- Dumping data for table `direcciones`
--

LOCK TABLES `direcciones` WRITE;
/*!40000 ALTER TABLE `direcciones` DISABLE KEYS */;
INSERT INTO `direcciones` VALUES (12,'Benito Juarez garcia','49','4',120),(13,'Avenida 1','34','6',130),(14,'Loreto Martinez','6367','3',140),(15,'Solano Gutierrez','485','4',150),(16,'Revolucion','37','12',160),(17,'Rayando el Sol','65',NULL,170),(18,'Balcon de los edecanes','128','3',180),(19,'Brandy cheverny','4454','2',190),(20,'Salsipuedes','43',NULL,200),(23,'Zaragoza','401','3',230),(24,'Camino de la plaza','139','103',240),(25,'Virginia','33','1',250),(26,'Tijuana','923','8',260),(27,'Higuera','2553','4',270),(28,'Alfonzo Reyes','39','3',280),(29,'Calle 9','781',NULL,290),(3,'Francisco Villa','15','7',300),(30,'Ignacio Allende','79','11',300),(31,'Las Americas','272','4',310),(32,'Independencia','92','2',320),(33,'Progreso Nacional','679','9',330),(34,'Calle escalerillas','12','8',340),(35,'Avenida Floresta','24',NULL,350),(36,'Villa Guerrero','89',NULL,360),(37,'Avenida 8','983','3',370),(38,'Cerrada 2 Felipe Garcia','800','15',380),(39,'Emiliano Zapata','9',NULL,390),(40,'Oriente 25','8776','204',400),(4,'Plutarco Elías Calles','1485','2',400),(41,'Avenida 14','36','17',410),(42,'Santa Maria','67',NULL,420),(43,'Almazan Garcia','578','3',430),(47,'Calle 96','43',NULL,480),(44,'Cuarta Avenida','7',NULL,480),(45,'La Plata','91','3',480),(46,'Republica de Colombia','292',NULL,480),(48,'Tehuantepec','370',NULL,480),(49,'Esperanza','5380','56',490),(5,'Mar Negro','25',NULL,500),(50,'Uxmal','92','11',500),(51,'Tajin','14',NULL,510),(52,'Cozumel','39','10',520),(53,'Antonio Sola','88',NULL,550),(55,'Mitla','1307',NULL,550),(54,'Veracruz','107',NULL,550),(56,'Bulgaria','3614','555',560),(57,'Norte 24','406','5',570),(58,'Zampoala','14','1',580),(59,'Sevilla','7800',NULL,590),(62,'Montoya','34','9',620),(63,'Rafael Oliva','12',NULL,630),(64,'San Andres','98','97',640),(7,'18 de octubre','3',NULL,700),(60,'Avenida Presidentes','540','20',800),(6,'Chilpancingo','459','202',800),(8,'Industrial','36','12',800),(2,'Jardin Central','68','200',800),(21,'Los ejidales','207',NULL,800),(22,'Paseos de Portugal','44',NULL,800),(61,'Pirineos','74',NULL,800),(9,'Petalo','25','2',900),(10,'Calle 10','17',NULL,1000),(1,'Cerro Acasulco','35','49',1000),(11,'Miramontes','2803',NULL,1100);
/*!40000 ALTER TABLE `direcciones` ENABLE KEYS */;
UNLOCK TABLES;

--
-- Table structure for table `editoriales`
--

DROP TABLE IF EXISTS `editoriales`;
/*!40101 SET @saved_cs_client     = @@character_set_client */;
/*!50503 SET character_set_client = utf8mb4 */;
CREATE TABLE `editoriales` (
  `id` mediumint unsigned NOT NULL AUTO_INCREMENT,
  `editorial` varchar(100) NOT NULL,
  PRIMARY KEY (`id`),
  UNIQUE KEY `editorial` (`editorial`)
) ENGINE=InnoDB AUTO_INCREMENT=21 DEFAULT CHARSET=utf8mb4 COLLATE=utf8mb4_0900_ai_ci;
/*!40101 SET character_set_client = @saved_cs_client */;

--
-- Dumping data for table `editoriales`
--

LOCK TABLES `editoriales` WRITE;
/*!40000 ALTER TABLE `editoriales` DISABLE KEYS */;
INSERT INTO `editoriales` VALUES (10,'Alfaguara'),(13,'Alfaomega'),(5,'Booket'),(3,'Cátedra'),(15,'Cengage Learning Editores'),(2,'Diana'),(14,'Duman'),(18,'Ecoe Ediciones'),(7,'EMC'),(11,'Empresa Editora Macro'),(16,'Grijalbo'),(9,'McGraw Hill'),(20,'O\'Reilly'),(17,'Océano'),(6,'Paidos'),(1,'Patria'),(19,'Pearson'),(4,'Planeta'),(8,'Porrúa'),(12,'Ra Ma Editorial');
/*!40000 ALTER TABLE `editoriales` ENABLE KEYS */;
UNLOCK TABLES;

--
-- Table structure for table `estados`
--

DROP TABLE IF EXISTS `estados`;
/*!40101 SET @saved_cs_client     = @@character_set_client */;
/*!50503 SET character_set_client = utf8mb4 */;
CREATE TABLE `estados` (
  `clave` char(2) NOT NULL,
  `nombre` varchar(40) NOT NULL,
  PRIMARY KEY (`clave`),
  UNIQUE KEY `nombre` (`nombre`)
) ENGINE=InnoDB DEFAULT CHARSET=utf8mb4 COLLATE=utf8mb4_0900_ai_ci;
/*!40101 SET character_set_client = @saved_cs_client */;

--
-- Dumping data for table `estados`
--

LOCK TABLES `estados` WRITE;
/*!40000 ALTER TABLE `estados` DISABLE KEYS */;
INSERT INTO `estados` VALUES ('01','Aguascalientes'),('02','Baja California'),('03','Baja California Sur'),('04','Campeche'),('07','Chiapas'),('08','Chihuahua'),('09','Ciudad de México'),('05','Coahulia'),('06','Colima'),('10','Durango'),('11','Estado de México'),('12','Guanajuato'),('13','Guerrero'),('14','Hidalgo'),('15','Jalisco'),('16','Michoacán'),('17','Morelos'),('18','Nayarit'),('19','Nuevo León'),('20','Oaxaca'),('21','Puebla'),('22','Querétaro'),('23','Quintana Roo'),('24','San Luis Potosí'),('25','Sinaloa'),('26','Sonora'),('27','Tabasco'),('28','Tamaulipas'),('29','Tlaxcala'),('30','Veracruz'),('31','Yucatán'),('32','Zacatecas');
/*!40000 ALTER TABLE `estados` ENABLE KEYS */;
UNLOCK TABLES;

--
-- Table structure for table `idiomas`
--

DROP TABLE IF EXISTS `idiomas`;
/*!40101 SET @saved_cs_client     = @@character_set_client */;
/*!50503 SET character_set_client = utf8mb4 */;
CREATE TABLE `idiomas` (
  `id` tinyint unsigned NOT NULL AUTO_INCREMENT,
  `idioma` varchar(50) NOT NULL,
  PRIMARY KEY (`id`),
  UNIQUE KEY `idioma` (`idioma`)
) ENGINE=InnoDB AUTO_INCREMENT=18 DEFAULT CHARSET=utf8mb4 COLLATE=utf8mb4_0900_ai_ci;
/*!40101 SET character_set_client = @saved_cs_client */;

--
-- Dumping data for table `idiomas`
--

LOCK TABLES `idiomas` WRITE;
/*!40000 ALTER TABLE `idiomas` DISABLE KEYS */;
INSERT INTO `idiomas` VALUES (4,'Alemán'),(7,'Árabe'),(11,'Chino'),(16,'Coreano'),(1,'Español'),(3,'Francés'),(14,'Griego'),(15,'Hebreo'),(2,'Inglés'),(8,'Italiano'),(10,'Japonés'),(17,'Náhuatl'),(9,'Portugués'),(5,'Ruso'),(6,'Sueco'),(13,'Tailandés'),(12,'Turco');
/*!40000 ALTER TABLE `idiomas` ENABLE KEYS */;
UNLOCK TABLES;

--
-- Table structure for table `inventario`
--

DROP TABLE IF EXISTS `inventario`;
/*!40101 SET @saved_cs_client     = @@character_set_client */;
/*!50503 SET character_set_client = utf8mb4 */;
CREATE TABLE `inventario` (
  `id` int unsigned NOT NULL AUTO_INCREMENT,
  `id_libro` int unsigned NOT NULL,
  `id_editorial` mediumint unsigned NOT NULL,
  `id_idioma` tinyint unsigned NOT NULL,
  `isbn` char(13) NOT NULL,
  `formato` enum('Pasta dura','Pasta blanda','Audiolibro','Ebook') DEFAULT NULL,
  `precio` decimal(8,2) NOT NULL,
  `num_pag` smallint unsigned DEFAULT NULL,
  `fecha_publicacion` date DEFAULT NULL,
  `stock` int unsigned DEFAULT NULL,
  `portada` text COMMENT 'Campo para guardar la ruta a la portada',
  PRIMARY KEY (`id`),
  UNIQUE KEY `isbn` (`isbn`),
  UNIQUE KEY `id_libro` (`id_libro`,`id_editorial`,`id_idioma`,`isbn`,`formato`),
  KEY `id_editorial` (`id_editorial`),
  KEY `id_idioma` (`id_idioma`),
  CONSTRAINT `inventario_ibfk_1` FOREIGN KEY (`id_libro`) REFERENCES `libros` (`id_libro`) ON DELETE RESTRICT ON UPDATE CASCADE,
  CONSTRAINT `inventario_ibfk_2` FOREIGN KEY (`id_editorial`) REFERENCES `editoriales` (`id`) ON DELETE CASCADE ON UPDATE CASCADE,
  CONSTRAINT `inventario_ibfk_3` FOREIGN KEY (`id_idioma`) REFERENCES `idiomas` (`id`) ON DELETE RESTRICT ON UPDATE CASCADE,
  CONSTRAINT `inventario_chk_1` CHECK ((`precio` > 0))
) ENGINE=InnoDB AUTO_INCREMENT=114 DEFAULT CHARSET=utf8mb4 COLLATE=utf8mb4_0900_ai_ci;
/*!40101 SET character_set_client = @saved_cs_client */;

--
-- Dumping data for table `inventario`
--

LOCK TABLES `inventario` WRITE;
/*!40000 ALTER TABLE `inventario` DISABLE KEYS */;
INSERT INTO `inventario` VALUES (1,102,10,1,'398115832-6','Pasta blanda',207.06,641,'1997-03-21',2430,NULL),(2,304,11,1,'425620988-3','Pasta dura',79.99,251,'1992-09-18',1621,NULL),(3,307,13,1,'490800950-3','Pasta blanda',1032.10,269,'1999-12-02',727,NULL),(4,493,14,1,'016861534-7','Pasta blanda',438.81,955,'2008-05-01',1831,NULL),(5,123,1,1,'536009914-3','Pasta dura',108.89,150,'1997-02-06',1239,NULL),(6,283,6,1,'261989922-2','Pasta dura',451.84,68,'2015-11-24',774,NULL),(7,260,5,1,'291173475-0','Pasta blanda',195.86,810,'1994-10-20',275,NULL),(8,241,6,1,'692095741-8','Pasta blanda',978.98,526,'2021-08-06',973,NULL),(9,403,5,1,'410795986-4','Pasta blanda',726.65,202,'2019-07-14',1664,NULL),(10,180,9,1,'429924317-X','Pasta blanda',1063.88,500,'2018-04-14',62,NULL),(11,189,12,1,'794844487-4','Pasta blanda',669.13,362,'2005-02-26',1590,NULL),(12,365,11,1,'975183732-4','Pasta blanda',421.53,258,'2017-02-16',1801,NULL),(13,213,1,1,'374886467-1','Pasta blanda',132.36,69,'1993-03-31',928,NULL),(14,144,12,1,'009229042-6','Pasta blanda',773.42,522,'2017-08-13',2072,NULL),(15,426,8,1,'628331925-4','Pasta blanda',54.74,994,'2020-03-31',1342,NULL),(16,67,13,1,'068528300-3','Pasta blanda',112.83,339,'2003-07-10',2552,NULL),(17,7,14,1,'669725380-0','Pasta blanda',75.18,742,'2014-02-20',2167,NULL),(18,494,10,1,'996248443-X','Pasta blanda',584.45,463,'1997-08-28',2379,NULL),(19,428,13,1,'200438805-6','Pasta blanda',719.19,145,'2014-06-08',678,NULL),(20,66,4,1,'450691007-9','Pasta blanda',103.61,523,'2022-06-28',1700,NULL),(21,484,12,1,'191301842-3','Pasta blanda',927.79,636,'2010-07-07',2369,NULL),(22,411,9,1,'256322214-1','Pasta blanda',384.24,80,'2012-02-09',2810,NULL),(23,163,13,1,'571850924-7','Pasta blanda',667.17,903,'2015-01-27',1162,NULL),(24,10,14,1,'494110827-2','Pasta blanda',283.88,552,'2005-06-21',2521,NULL),(25,288,13,1,'341676619-9','Pasta blanda',531.22,959,'1998-07-28',1226,NULL),(26,290,14,1,'698560983-X','Pasta blanda',293.17,334,'2002-04-04',2397,NULL),(27,147,9,1,'775128289-4','Pasta blanda',632.01,809,'2018-11-18',2394,NULL),(28,121,1,1,'962250992-4','Pasta blanda',32.61,740,'2020-07-24',570,NULL),(29,133,9,1,'325068554-2','Pasta blanda',607.90,590,'2019-07-20',698,NULL),(30,468,8,1,'244555661-9','Pasta blanda',622.22,450,'2007-05-20',68,NULL),(31,271,9,1,'027687117-0','Pasta blanda',639.19,151,'2021-05-31',1057,NULL),(32,87,14,1,'219983568-5','Pasta blanda',1049.88,581,'2008-04-09',188,NULL),(33,126,5,1,'031548498-5','Pasta blanda',724.47,157,'2010-06-10',1660,NULL),(34,163,5,1,'197150926-4','Pasta blanda',92.43,734,'1998-06-27',1729,NULL),(35,267,14,1,'949770958-7','Pasta blanda',881.03,603,'2006-07-24',2348,NULL),(36,49,8,1,'058108577-9','Pasta blanda',556.24,720,'2011-06-26',1843,NULL),(37,224,12,1,'138296032-8','Pasta blanda',896.94,102,'2019-02-22',1444,NULL),(38,29,4,1,'175487564-5','Pasta blanda',934.37,996,'2006-02-24',556,NULL),(39,142,12,1,'126539486-5','Pasta dura',73.49,53,'2006-12-20',2056,NULL),(40,235,11,1,'653292850-X','Pasta blanda',955.34,638,'1992-06-07',1281,NULL),(41,236,5,1,'810301566-0','Pasta blanda',966.85,319,'2000-09-29',1561,NULL),(42,214,8,1,'779233266-7','Pasta dura',215.78,97,'2002-12-08',889,NULL),(43,193,14,1,'526666956-X','Pasta dura',762.64,597,'2004-05-10',1045,NULL),(44,262,8,1,'778601578-7','Pasta dura',401.17,357,'1995-09-18',192,NULL),(45,361,12,1,'413623551-8','Pasta dura',691.05,73,'2017-03-05',1529,NULL),(46,353,10,1,'413976134-2','Pasta dura',574.83,44,'2002-08-24',1570,NULL),(47,113,11,1,'943764972-3','Pasta dura',638.81,251,'2006-04-22',1657,NULL),(48,153,5,1,'951103553-3','Pasta dura',1088.71,88,'2021-07-03',1737,NULL),(49,8,3,1,'503395001-0','Pasta dura',710.94,684,'1996-05-11',1996,NULL),(50,168,5,1,'749361317-6','Audiolibro',531.27,450,'1994-07-11',142,NULL),(51,112,11,1,'095637141-8','Ebook',315.76,866,'2010-08-10',411,NULL),(52,411,14,1,'088188063-9','Audiolibro',667.41,605,'2007-02-07',165,NULL),(53,63,1,1,'602684568-2','Ebook',213.49,665,'1998-09-06',2590,NULL),(54,214,14,1,'714259137-4','Ebook',352.99,358,'2012-12-06',2103,NULL),(55,28,5,1,'894433538-9','Ebook',788.78,595,'2017-01-05',496,NULL),(56,424,9,1,'570882013-6','Ebook',918.43,607,'2016-08-07',1995,NULL),(57,423,8,1,'840852808-4','Ebook',1035.24,175,'2000-06-17',2965,NULL),(58,270,2,1,'680347909-9','Ebook',421.48,17,'2020-01-05',717,NULL),(59,101,13,1,'952028225-4','Ebook',439.45,841,'2024-06-23',2121,NULL),(60,393,6,1,'316633769-5','Ebook',519.54,52,'2004-02-05',1792,NULL),(61,315,14,1,'253288249-2','Ebook',626.60,547,'2006-06-20',2134,NULL),(62,55,13,1,'847458690-9','Ebook',206.34,6,'2022-11-14',887,NULL),(63,113,14,1,'201436507-5','Ebook',356.54,666,'2010-01-08',1879,NULL),(64,236,8,1,'992904362-4','Ebook',198.39,865,'2017-09-11',1430,NULL),(65,134,4,1,'570370973-3','Ebook',772.27,549,'2011-02-27',1615,NULL),(66,464,2,1,'288945985-3','Ebook',91.83,598,'1990-02-05',1131,NULL),(67,120,3,1,'064876665-9','Ebook',328.73,466,'2010-04-25',2789,NULL),(68,496,12,1,'277848184-2','Ebook',64.09,600,'2012-03-19',1711,NULL),(69,112,11,1,'749044798-4','Pasta blanda',798.66,979,'2016-06-24',648,NULL),(70,248,6,1,'921527082-5','Pasta blanda',824.03,305,'1990-10-26',349,NULL),(71,235,13,1,'500440407-0','Pasta blanda',172.25,60,'2024-05-26',1068,NULL),(72,66,10,1,'868138672-7','Pasta blanda',311.63,400,'2021-05-11',2803,NULL),(73,437,2,1,'212246423-2','Pasta blanda',145.58,519,'2013-11-09',250,NULL),(74,123,11,1,'958126204-0','Pasta blanda',72.90,254,'2017-05-13',432,NULL),(75,247,6,1,'421555003-3','Pasta blanda',102.57,383,'1990-02-05',120,NULL),(76,390,7,1,'157381197-1','Pasta blanda',690.39,7,'2006-02-23',532,NULL),(77,78,3,1,'142493393-5','Pasta blanda',893.53,917,'2016-04-26',62,NULL),(78,99,3,1,'789083399-7','Pasta blanda',384.22,41,'2018-11-27',1841,NULL),(79,430,4,1,'020574745-0','Ebook',1043.46,18,'2007-05-28',1866,NULL),(80,482,11,1,'913651710-0','Ebook',512.80,515,'1992-07-03',1377,NULL),(81,321,10,1,'487392950-4','Ebook',812.72,775,'2009-07-12',457,NULL),(82,222,10,1,'353871048-1','Ebook',588.67,764,'2000-03-16',646,NULL),(83,427,3,1,'239994201-9','Ebook',355.43,372,'2000-07-08',2571,NULL),(84,356,10,1,'909063193-3','Ebook',300.44,612,'2018-04-04',610,NULL),(85,266,1,1,'718183480-0','Ebook',956.54,979,'2018-05-24',1911,NULL),(86,110,7,1,'065994581-9','Pasta blanda',47.98,31,'2015-08-14',1271,NULL),(87,140,11,1,'590639002-2','Pasta blanda',61.63,271,'2024-05-02',52,NULL),(88,475,3,1,'210193994-0','Pasta blanda',166.44,581,'2007-01-08',2802,NULL),(89,69,1,1,'802613484-2','Pasta blanda',390.41,295,'2010-02-27',1232,NULL),(90,499,4,1,'194504806-9','Pasta blanda',12.98,562,'2022-08-05',43,NULL),(91,396,7,1,'018061271-9','Pasta blanda',837.62,773,'1995-07-28',1560,NULL),(92,197,2,1,'973756763-3','Pasta blanda',90.01,820,'2021-03-13',759,NULL),(93,41,3,1,'986012329-2','Pasta blanda',896.61,121,'2019-01-05',2725,NULL),(94,204,11,1,'078318561-8','Pasta blanda',648.88,521,'2004-02-28',1806,NULL),(95,135,9,1,'582489117-6','Pasta blanda',1046.84,93,'1996-08-15',162,NULL),(96,250,11,1,'874921771-2','Audiolibro',176.47,695,'1993-07-31',499,NULL),(97,23,7,1,'154340712-9','Audiolibro',88.39,276,'1991-02-13',1153,NULL),(98,455,9,1,'883410706-3','Audiolibro',455.42,95,'2008-11-26',2094,NULL),(99,321,13,1,'566487074-5','Audiolibro',67.15,46,'2005-12-02',2165,NULL),(100,32,4,1,'706751058-9','Audiolibro',1011.54,910,'2010-05-04',1271,NULL),(101,1,2,1,'9786070726729','Audiolibro',199.00,450,'2022-01-17',1000,NULL),(102,1,4,1,'9786073911863','Ebook',599.00,350,'2024-03-05',1000,NULL),(103,1,2,1,'9786070728792','Pasta blanda',298.00,464,'2015-06-24',900,NULL),(104,1,2,1,'9786070796203','Pasta dura',648.00,400,'2022-11-17',500,NULL),(105,1,3,1,'9788437604947','Pasta blanda',319.00,560,'2007-01-11',1000,NULL),(106,501,1,1,'9786075501604','Pasta blanda',405.00,205,'2019-01-01',750,NULL),(107,68,8,1,'9786078678150','Pasta dura',199.00,8,'2010-04-17',1500,NULL),(108,504,9,1,'9788448190330','Pasta dura',1083.00,653,'2014-08-23',1,NULL),(109,503,13,1,'9786075761428','Pasta blanda',628.20,408,'2024-03-16',180,NULL),(110,502,12,1,'9786123042387','Pasta blanda',304.50,295,'2016-12-08',490,NULL),(111,508,5,8,'8954723663-X8','Pasta blanda',161.04,238,'2000-07-13',620,'path:/archivo.jpg'),(112,533,19,2,'9780131873254','Pasta dura',3996.65,1248,'2008-06-05',590,'path:/archivo.jpg');
/*!40000 ALTER TABLE `inventario` ENABLE KEYS */;
UNLOCK TABLES;

--
-- Table structure for table `libros`
--

DROP TABLE IF EXISTS `libros`;
/*!40101 SET @saved_cs_client     = @@character_set_client */;
/*!50503 SET character_set_client = utf8mb4 */;
CREATE TABLE `libros` (
  `id_libro` int unsigned NOT NULL AUTO_INCREMENT,
  `titulo` varchar(100) NOT NULL,
  `descripcion` text,
  `id_subtema` smallint unsigned NOT NULL,
  PRIMARY KEY (`id_libro`),
  UNIQUE KEY `id_libro` (`id_libro`,`titulo`),
  KEY `id_subtema` (`id_subtema`),
  CONSTRAINT `libros_ibfk_1` FOREIGN KEY (`id_subtema`) REFERENCES `subtemas` (`id`) ON UPDATE CASCADE
) ENGINE=InnoDB AUTO_INCREMENT=555 DEFAULT CHARSET=utf8mb4 COLLATE=utf8mb4_0900_ai_ci;
/*!40101 SET character_set_client = @saved_cs_client */;

--
-- Dumping data for table `libros`
--

LOCK TABLES `libros` WRITE;
/*!40000 ALTER TABLE `libros` DISABLE KEYS */;
INSERT INTO `libros` VALUES (1,'Cien años de soledad','',2),(2,'El señor de los anillos (Trilogía)','',1),(3,'1984','',1),(4,'Un mundo feliz','',6),(5,'Orgullo y prejuicio','',1),(6,'Crimen y castigo','',2),(7,'Lolita','',2),(8,'Ulises','',2),(9,'Madame Bovary','',1),(10,'En busca del tiempo perdido','',1),(11,'Don Quijote de la Mancha','',1),(12,'El retrato de Dorian Gray','',3),(13,'Ana Karenina','',5),(14,'El Principito','',1),(15,'El proceso','',3),(16,'El ruido y la furia','',1),(17,'Hamlet','',3),(18,'Lo que el viento se llevó','',6),(19,'La Odisea','',6),(20,'Las uvas de la Ira','',1),(21,'El guardián entre el centeno','',1),(22,'Cumbres borrascosas','',3),(23,'El gran Gatsby','',3),(24,'Mil soles esplendidos','',1),(25,'Alicia en el País de las Maravillas','',1),(26,'Rebelión en la granja','',5),(27,'Los pilares de la tierra','',2),(28,'Guerra y paz','',1),(29,'Memorias de una geisha','',2),(30,'Frankenstein o El moderno Prometeo','',2),(31,'Los viajes de Gulliver','',6),(32,'La ladrona de libros','',2),(33,'Matar a un ruiseñor','',1),(34,'El conde de Montecristo','',1),(35,'Los juegos del hambre','',2),(36,'Harry Potter y la piedra filosofal (Harry Potter 1 )','',1),(37,'El señor de las moscas','',2),(38,'Moby Dick','',3),(39,'Los miserables','',1),(40,'Las aventuras de Huckleberry Finn','',1),(41,'Tristam Shandy','',2),(42,'Drácula','',2),(43,'El nombre de la rosa','',2),(44,'El extranjero','',2),(45,'Los hermanos Karamázov','',6),(46,'El amor en los tiempos del cólera','',1),(47,'Harry Potter y las Reliquias de la Muerte (Harry Potter 7 )','',2),(48,'El código Da Vinci','',2),(49,'Harry Potter y el prisionero de Azkaban (Harry Potter 3 )','',1),(50,'Cometas en el cielo','',2),(51,'Ensayo sobre la ceguera','',2),(52,'Las crónicas de Narnia','',1),(53,'Los renglones torcidos de Dios','',3),(54,'En llamas','',1),(55,'Harry Potter y el cáliz de fuego (Harry Potter 4 )','',5),(56,'La sombra del viento','',2),(57,'Viaje al fin de la noche','',1),(58,'Harry Potter y el misterio del príncipe ( Harry Potter 6 )','',2),(59,'El juego de Ender','',3),(60,'La Biblia','',6),(61,'La montaña mágica','',2),(62,'Harry Potter y la Orden del Fénix ( Harry Potter 5 )','',3),(63,'El psicoanalista','',1),(64,'Trampa 22','',1),(65,'Por quién doblan las campanas','',1),(66,'Dr. Jekyll y mr. Hyde','',5),(67,'El médico','',5),(68,'La metamorfosis','',2),(69,'La telaraña de Carlota','',1),(70,'La divina comedia','',1),(71,'La señora Dalloway','',5),(72,'Crepúsculo','',3),(73,'En el camino','',6),(74,'La Iliada','',1),(75,'Jane Eyre','',5),(76,'Diario','',2),(77,'El retorno del rey','',3),(78,'El perfume','',3),(79,'Fahrenheit 451','',6),(80,'Crónica de una muerte anunciada','',2),(81,'La casa de los espíritus','',2),(82,'Mientras agonizo','',1),(83,'La isla del tesoro','',1),(84,'Todo se desmorona','',1),(85,'Emma','',3),(86,'Pasaje a la India','',1),(87,'Ficciones','',2),(88,'Harry Potter y la cámara secreta (Harry Potter 2 )','',1),(89,'A sangre fría','',2),(90,'Rimas y leyendas','',1),(91,'El corazón es un cazador solitario','',2),(92,'El Rey Lear','',1),(93,'Tormenta de espadas','',5),(94,'Juego de tronos','',5),(95,'La catedral del mar','',1),(96,'Progreso del peregrino','',1),(97,'El corazón de las tinieblas','',1),(98,'Robinson Crusoe','',1),(99,'La isla de los amores infinitos','',3),(100,'David Copperfield','',1),(101,'La condición humana','',1),(102,'Un mundo sin fin','',3),(103,'Tom Jones','',3),(104,'El clan del oso cavernario. Los hijos de la tierra I','',2),(105,'El hombre invisible','',1),(106,'Clarissa','',1),(107,'Al faro','',5),(108,'Choque de reyes','',3),(109,'Cuentos','',5),(110,'El último catón','',2),(111,'Las amistades peligrosas','',2),(112,'El gran Meaulnes','',2),(113,'Sinuhé el egipcio','',1),(114,'El segundo sexo','',3),(115,'La espuma de los días','',5),(116,'Once minutos','',6),(117,'Cuentos de Canterbury','',1),(118,'Poeta en Nueva York','',2),(119,'Abadía pesadilla','',3),(120,'El Hobbit','',1),(121,'Esperando a Godot','',1),(122,'La oveja negra','',2),(123,'El ser y la nada','',1),(124,'Middlemarch','',6),(125,'La cartuja de Parma','',3),(126,'Ángeles y demonios','',5),(127,'El árbol dador','',1),(128,'La comunidad del anillo (El señor de los anillos I)','',2),(129,'Archipiélago Gulag','',1),(130,'El niño con el pijama de rayas','',1),(131,'Las dos torres (El señor de los anillos II)','',5),(132,'Sybil','',2),(133,'Amanecer','',2),(134,'El lobo estepario','',1),(135,'Paroles','',6),(136,'Pedro Páramo','',1),(137,'El sueño eterno','',2),(138,'Alcoholes','',2),(139,'El nombre del viento','',2),(140,'La guía del autoestopista galáctico','',2),(141,'El Loto Azul','',1),(142,'Bajo el volcán','',1),(143,'Eclipse','',2),(144,'Verónika decide morir','',2),(145,'Vanity Fair','',1),(146,'Beloved','',6),(147,'Las mil y una noches','',3),(148,'Tristes trópicos','',1),(149,'La letra escarlata','',1),(150,'Hijos de la medianoche','',2),(151,'Inés del alma mía','',2),(152,'La muerte de Virgilio','',1),(153,'Travesuras de la niña mala','',2),(154,'Astérix el Galo','',1),(155,'Ensayos','',3),(156,'Luna Nueva','',2),(157,'La dama de blanco','',1),(158,'Azteca','',5),(159,'La cantante calva','',2),(160,'Matadero 5','',1),(161,'El alquimista','',1),(162,'Hijo nativo','',6),(163,'Rojo y negro','',3),(164,'Romeo y Julieta','',5),(165,'Tres ensayos sobre teoría sexual','',1),(166,'Mujercitas','',1),(167,'De la democracia en América','',3),(168,'El aleph','',2),(169,'Historias de hadas para adultos','',5),(170,'La mujer del viajero en el tiempo','',3),(171,'Los santos inocentes','',2),(172,'Opus Nigrum','',2),(173,'Sinsajo','',1),(174,'El mundo en que vivimos','',3),(175,'El origen de las especies','',3),(176,'Historia','',1),(177,'Daniel Deronda','',5),(178,'El contrato social','',2),(179,'El desierto de los tártaros','',1),(180,'El capital','',6),(181,'Las flores del mal','',1),(182,'Los monederos falsos','',1),(183,'El retrato de una dama','',1),(184,'Ana de las tejas verdes','',3),(185,'El banquete','',1),(186,'El húsar en el tejado','',1),(187,'El príncipe','',1),(188,'Bella del Señor','',1),(189,'Las confesiones','',2),(190,'Mi planta de naranja-lima','',3),(191,'Veinte poemas de amor y una canción','',2),(192,'La educación sentimental','',2),(193,'Leviatan','',2),(194,'Rayuela','',2),(195,'Tres hombres en una barca','',2),(196,'Como agua para chocolate','',3),(197,'Elegías de Duino','',2),(198,'Festín de cuervos','',2),(199,'Historia de la guerra del Peloponeso','',1),(200,'En tiempo de prodigios','',6),(201,'Therese Desqueyroux','',1),(202,'La canción de Solomon','',1),(203,'El viento en los sauces','',1),(204,'Diario de un don nadie','',1),(205,'El oficio de vivir','',5),(206,'La historia interminable','',5),(207,'Winnie-the-Pooh','',6),(208,'Zazie en el metro','',2),(209,'Jude el oscuro','',2),(210,'El libro del desasosiego','',3),(211,'La confusión de los sentimientos','',1),(212,'Una arruga en el tiempo','',1),(213,'El enigma de las arenas','',3),(214,'Arráncame la vida','',2),(215,'Obra completa','',2),(216,'La llamada de la selva','',5),(217,'Así habló Zaratustra','',6),(218,'El amante de Lady Chatterley','',3),(219,'El corazón helado','',2),(220,'Lord Jim','',3),(221,'Nostromo','',1),(222,'De ratones y hombres','',1),(223,'El hombre, la hembra y el hambre','',1),(224,'La naranja mecánica','',2),(225,'Buenos días tristeza','',3),(226,'Diez negritos','',3),(227,'Siddharta','',2),(228,'El silencio del mar','',6),(229,'Fortuna y Jacinta','',6),(230,'La princesa prometida','',6),(231,'Noche','',3),(232,'El arcoíris','',2),(233,'El plan infinito','',6),(234,'Historias extraordinarias','',3),(235,'La vida: instrucciones de uso','',3),(236,'Luz de agosto','',2),(237,'Marina','',3),(238,'El buen soldado Ford','',1),(239,'A orillas del río Piedra me senté y lloré','',1),(240,'La ciudad y los perros','',2),(241,'Las almas de la gente negra','',1),(242,'Treinta y nueve escalones','',1),(243,'Alguien voló sobre el nido del cuco','',1),(244,'Bajo el sol de Satanás','',1),(245,'Donde viven los monstruos','',6),(246,'El ancho mar de los Sargazos','',6),(247,'El caballero de la armadura oxidada','',1),(248,'La tierra baldía','',3),(249,'Metamorfosis','',2),(250,'La broma','',1),(251,'Paraíso perdido','',2),(252,'Poemas','',2),(253,'El club Dante','',5),(254,'El desprecio','',1),(255,'Desde mi cielo','',1),(256,'El asesinato de Roger Ackroyd','',5),(257,'El camino','',1),(258,'La bruja de Portobello','',6),(259,'La suma de los días','',1),(260,'Nadja','',1),(261,'Trilce','',1),(262,'Men Without Women','',1),(263,'Agua para elefantes','',6),(264,'Aurélien','',3),(265,'Otello','',3),(266,'El puente de Alcántara','',1),(267,'El zapato de raso','',1),(268,'Huevos verdes con jamón','',3),(269,'Sonetos','',3),(270,'¡Absalón, absalón!','',2),(271,'El jardín secreto','',3),(272,'Hojas de hierba','',1),(273,'La sonrisa etrusca','',1),(274,'Odas','',3),(275,'Seis personajes en busca de autor','',2),(276,'El largo adiós','',3),(277,'El resistible ascenso de Arturo Ui','',6),(278,'La ayuda','',2),(279,'Scoop','',2),(280,'El cuento número trece','',3),(281,'El idiota','',1),(282,'Kim','',1),(283,'Lazarillo de Tormes','',1),(284,'Viernes o la vida salvaje','',3),(285,'EE.UU.','',2),(286,'El astillero','',1),(287,'El Juego del Ángel','',1),(288,'Historia de dos ciudades','',1),(289,'La guerra de los mundos','',2),(290,'El primer hombre','',1),(291,'La huésped','',1),(292,'Si esto es un hombre','',2),(293,'La búsqueda del amor','',2),(294,'El hacedor','',6),(295,'La quinta montaña','',3),(296,'La peste','',1),(297,'Asesinato en el Oriente Express','',1),(298,'Los zarcillos de la viña','',6),(299,'Sentido y sensibilidad','',2),(300,'Y de repente, un ángel','',1),(301,'Capital del dolor','',1),(302,'El origen perdido','',1),(303,'Los hombres que no amaban a las mujeres','',1),(304,'Malone muere','',2),(305,'La conjura de los necios','',6),(306,'La regenta','',1),(307,'Martin Eden','',2),(308,'Memorias de Idhún I. La Resistencia','',2),(309,'Vida de Pi','',3),(310,'La balada del mar salado','',3),(311,'La casa de Bernarda Alba','',3),(312,'Las luces de septiembre','',5),(313,'Las olas','',2),(314,'Sangre sabia','',1),(315,'El grado cero de la escritura','',3),(316,'La mujer justa','',2),(317,'Al este del Edén','',1),(318,'Diarios','',1),(319,'El cuaderno dorado','',3),(320,'El honor perdido de Katharina Blum','',2),(321,'El mar de las Sirtes','',1),(322,'La celestina','',1),(323,'Retrato en sepia','',5),(324,'Lucky Jim','',6),(325,'El evangelio según Jesucristo','',3),(326,'El tiempo entre costuras','',3),(327,'Las palabras y las cosas','',1),(328,'Lo mejor que le puede pasar a un cruasán','',6),(329,'Ricardo III','',1),(330,'Residencia en la tierra','',1),(331,'El americano impasible','',5),(332,'Demian','',2),(333,'El maravilloso viaje de Nils Holgersson','',1),(334,'Fiesta','',1),(335,'Paula','',3),(336,'La ciudad de las bestias','',5),(337,'Una habitación propia','',2),(338,'Yo, Claudio','',1),(339,'Ciudad de Hueso','',3),(340,'Conversación en la catedral','',2),(341,'Crónicas marcianas','',2),(342,'Marianela','',2),(343,'Tokio blues','',1),(344,'El tambor de hojalata','',1),(345,'El arrebato de Lol V. Stein','',1),(346,'El príncipe de la niebla','',3),(347,'Hijos y amantes','',3),(348,'El atestado','',6),(349,'El gatopardo','',1),(350,'El Reino del Dragón de Oro','',3),(351,'Rebeldes','',5),(352,'Todos los hombres del Rey','',3),(353,'Los mejores años de Miss Brodie','',1),(354,'Dune','',3),(355,'Pantaleón y las visitadoras','',1),(356,'Tropismos','',3),(357,'Ve y dilo en la montaña','',3),(358,'Diario 1887-1910','',2),(359,'La colina de Watership','',1),(360,'¿Hay alguien ahí fuera?','',2),(361,'La chica que soñaba con una cerilla y un bidón de gasolina','',2),(362,'La danza de la muerte','',1),(363,'Tus zonas erróneas','',3),(364,'Herzog','',6),(365,'Canto general','',1),(366,'El rabino','',1),(367,'El viejo y el mar','',3),(368,'Escritos','',3),(369,'Conejo, corre','',5),(370,'El teatro y su doble','',1),(371,'La insoportable levedad del ser','',2),(372,'Las ventajas de ser un marginado','',1),(373,'Mrs. Palfrey at the Claremont','',3),(374,'De amor y de sombra','',1),(375,'La decisión de Anne','',3),(376,'La edad de la inocencia','',5),(377,'Luces de Bohemia','',6),(378,'Manhattan Transfer','',2),(379,'El topo','',1),(380,'El mal de Portnoy','',3),(381,'El peregrino de Compostela','',1),(382,'La guerra del fin del mundo','',6),(383,'Un árbol crece en Brooklyn','',2),(384,'La reina en el palacio de las corrientes de aire','',1),(385,'Moravagine','',2),(386,'Mujeres de ojos grandes','',2),(387,'Una tragedia americana','',1),(388,'La fábrica de botellas','',1),(389,'Aforismos','',3),(390,'El día de la langosta','',2),(391,'El último judío','',1),(392,'Grandes esperanzas','',2),(393,'Max Aub','',3),(394,'La canción del verdugo','',1),(395,'El general del ejército muerto','',6),(396,'La decisión de Sophie','',1),(397,'La doctora Cole','',3),(398,'Manifiesto comunista','',1),(399,'Trópico de cáncer','',3),(400,'Si una noche de invierno un viajero','',3),(401,'El curioso incidente del perro a medianoche','',3),(402,'El halcón maltés','',6),(403,'Las cenizas de Ángela','',3),(404,'Mortal y rosa','',1),(405,'Romancero gitano','',1),(406,'Usted puede sanar su vida','',2),(407,'Una curva en el río','',1),(408,'Dublineses','',6),(409,'El misterio de la cripta embrujada','',2),(410,'La materia oscura','',5),(411,'Las aventuras de Sherlock Holmes','',2),(412,'Pietr el letón','',3),(413,'Viaje al centro de la Tierra','',2),(414,'Esperando a los bárbaros','',1),(415,'Al borde del peligro','',1),(416,'La muerte del Arzobispo','',2),(417,'Las piadosas','',1),(418,'Santa María de las Flores','',3),(419,'Servicio de limpieza','',3),(420,'El cuento de La Sierva','',3),(421,'Jacobus','',1),(422,'La interpretación de los sueños','',1),(423,'Peter Pan','',3),(424,'Lanark','',2),(425,'Doce cuentos peregrinos','',2),(426,'El hombre sin atributos','',1),(427,'Furor y misterio','',1),(428,'La carretera','',2),(429,'La educación de Henry Adams','',1),(430,'Momo','',3),(431,'La trilogía de Nueva York','',3),(432,'El anatomista','',1),(433,'La tia Julia y el escribidor','',1),(434,'Pensamiento de Mao Zedong','',2),(435,'El gran gigante bonachon','',3),(436,'El maestro y margarita','',1),(437,'La Biblia Envenenada','',1),(438,'La vuelta al mundo en 80 días','',1),(439,'Mal de amores','',6),(440,'No hay orquídeas para Miss Blandish','',3),(441,'Psicología de la religión','',1),(442,'El sistema periódico','',1),(443,'Blake y Mortimer','',2),(444,'El cuarteto de Alejandría','',3),(445,'El perro de los Baskerville','',3),(446,'La campana de cristal','',1),(447,'Retorno a Brideshead','',3),(448,'Dinero','',5),(449,'La caída','',3),(450,'La familia de pascual duarte','',2),(451,'La sombra del águila','',2),(452,'Los cuadernos de Malte Laurids Brigge','',6),(453,'Primavera silenciosa','',2),(454,'Un artista del mundo flotante','',6),(455,'El color púrpura','',1),(456,'La modificación','',2),(457,'Orlando','',2),(458,'Rebecca','',1),(459,'Teoría general de la ocupación','',1),(460,'Oscar y Lucinda','',1),(461,'Divergente','',3),(462,'La colmena','',2),(463,'Los inconsolables','',6),(464,'Los orígenes del totalitarismo','',6),(465,'El libro de la risa y el olvido','',3),(466,'Adiós a todo eso','',5),(467,'Espacio','',6),(468,'Las cuatro estaciones','',2),(469,'Sin noticias de Gurb','',3),(470,'Haroun y el mar de las historias','',6),(471,'La crucifixión rosa','',2),(472,'La sociedad opulenta','',6),(473,'Quizá nos lleve el viento al infinito','',1),(474,'L.A. Confidential','',3),(475,'El jardín de los Finzi Contini','',1),(476,'El séptimo secreto','',1),(477,'Niños sabios','',6),(478,'Amers','',3),(479,'Bajo la misma estrella','',1),(480,'Chamán','',1),(481,'El inquisidor','',1),(482,'La autobiografía de Malcom X','',2),(483,'Palmeras salvajes','',2),(484,'Expiación','',5),(485,'Harri eta herri','',6),(486,'La historia del loco','',3),(487,'Los victorianos eminentes','',2),(488,'Tomás el gafe','',1),(489,'Luces del Norte','',3),(490,'Abril en París','',2),(491,'El mundo de Sofía','',5),(492,'Obras completas','',2),(493,'Pastoral americana','',2),(494,'La rebelión de Atlas','',1),(495,'La segunda Guerra Mundial','',6),(496,'Austerlitz','',3),(497,'50 sombras de Grey','',3),(498,'El túnel','',1),(499,'Elefante rosa','',3),(500,'La vida de Harry Potter','',3),(501,'Bases de datos','',15),(502,'Fundamentos de programación Java','',14),(503,'Big Data, Machine Learning Y Data Science En Python','',14),(504,'Fundamentos de Bases de Datos','',15),(505,'Historia del tiempo',NULL,11),(506,'El pájaro espino',NULL,3),(507,'Architectural graphic standards',NULL,18),(508,'Seta',NULL,1),(509,'El coronel no tiene quien le escriba',NULL,1),(510,'Arte de proyectar en arquitectura',NULL,18),(511,'Fundamentals of database systems',NULL,15),(512,'Learning PHP & MySQL',NULL,14),(513,'Introducción a los sistemas de bases de datos',NULL,15),(514,'La ciudad y sus muros inciertos',NULL,1),(515,'El tercer amor',NULL,1),(516,'El camino de regreso a casa',NULL,1),(517,'Antes de que se enfríe el café',NULL,1),(518,'Ariel',NULL,1),(519,'No me llames loca',NULL,1),(520,'Desde los Zulos',NULL,4),(521,'Temporada de Huracanes',NULL,4),(522,'Dos veces única',NULL,4),(523,'Una novela criminal',NULL,4),(524,'El principio del placer y otros cuentos',NULL,4),(525,'Extrañas',NULL,4),(526,'Confabulario definitivo',NULL,4),(527,'Álgebra elemental',NULL,20),(528,'Álgebra lineal',NULL,20),(529,'Álgebra superior',NULL,20),(530,'Álgebra',NULL,20),(531,'Information dashboard design',NULL,12),(532,'Lean Analytics',NULL,12),(533,'Database Systems','The complete book',15),(534,'Beginning database design',NULL,15),(535,'Beginning COBOL for programmers',NULL,14),(536,'Java 3D programming',NULL,14),(537,'Python Programming',NULL,14),(538,'Java Cookbook',NULL,14),(539,'Apache Cookbook',NULL,12),(540,'Arquitectura contemporánea',NULL,18),(541,'El supermodernismo en arquitectura',NULL,18),(542,'Lenguaje C',NULL,14),(543,'Estructuras de datos con Java','Un enfoque práctico',14),(544,'Next Generation Databases',NULL,15),(545,'Manual del arquitecto descalso',NULL,18),(546,'Minería de datos','Modelo y algoritmos',15),(547,'Métodos cuantitativos para los negocios',NULL,9),(548,'Estadística aplicada','A los negocios y la economía',16),(549,'Estadística',NULL,16),(550,'Estadística para administración y economía',NULL,16),(551,'El alquimista','Relato de terror',1),(552,'Sonetos',NULL,5),(553,'Cuentos',NULL,6),(554,'Narnia',NULL,5);
/*!40000 ALTER TABLE `libros` ENABLE KEYS */;
UNLOCK TABLES;

--
-- Table structure for table `municipios`
--

DROP TABLE IF EXISTS `municipios`;
/*!40101 SET @saved_cs_client     = @@character_set_client */;
/*!50503 SET character_set_client = utf8mb4 */;
CREATE TABLE `municipios` (
  `clave` char(5) NOT NULL,
  `nombre` varchar(100) NOT NULL,
  `clave_estado` char(2) NOT NULL,
  PRIMARY KEY (`clave`),
  KEY `FK_mun_edo` (`clave_estado`),
  CONSTRAINT `FK_mun_edo` FOREIGN KEY (`clave_estado`) REFERENCES `estados` (`clave`)
) ENGINE=InnoDB DEFAULT CHARSET=utf8mb4 COLLATE=utf8mb4_0900_ai_ci;
/*!40101 SET character_set_client = @saved_cs_client */;

--
-- Dumping data for table `municipios`
--

LOCK TABLES `municipios` WRITE;
/*!40000 ALTER TABLE `municipios` DISABLE KEYS */;
INSERT INTO `municipios` VALUES ('01001','Aguascalientes','01'),('01002','Asientos','01'),('01003','Calvillo','01'),('01004','Cosío','01'),('01005','Jesús María','01'),('01006','Pabellón de Arteaga','01'),('01007','Rincón de Romos','01'),('01008','San José de Gracia','01'),('01009','Tepezalá','01'),('01010','El Llano','01'),('01011','San Francisco de los Romo','01'),('02001','Ensenada','02'),('02002','Mexicali','02'),('02003','Tecate','02'),('02004','Tijuana','02'),('02005','Playas de Rosarito','02'),('03001','Comondú','03'),('03002','Mulegé','03'),('03003','La Paz','03'),('03008','Los Cabos','03'),('03009','Loreto','03'),('04001','Calkiní','04'),('04002','Campeche','04'),('04003','Carmen','04'),('04004','Champotón','04'),('04005','Hecelchakán','04'),('04006','Hopelchén','04'),('04007','Palizada','04'),('04008','Tenabo','04'),('04009','Escárcega','04'),('04010','Calakmul','04'),('04011','Candelaria','04'),('05001','Abasolo','05'),('05002','Acuña','05'),('05003','Allende','05'),('05004','Arteaga','05'),('05005','Candela','05'),('05006','Castaños','05'),('05007','Cuatro Ciénegas','05'),('05008','Escobedo','05'),('05009','Francisco I. Madero','05'),('05010','Frontera','05'),('05011','General Cepeda','05'),('05012','Guerrero','05'),('05013','Hidalgo','05'),('05014','Jiménez','05'),('05015','Juárez','05'),('05016','Lamadrid','05'),('05017','Matamoros','05'),('05018','Monclova','05'),('05019','Morelos','05'),('05020','Múzquiz','05'),('05021','Nadadores','05'),('05022','Nava','05'),('05023','Ocampo','05'),('05024','Parras','05'),('05025','Piedras Negras','05'),('05026','Progreso','05'),('05027','Ramos Arizpe','05'),('05028','Sabinas','05'),('05029','Sacramento','05'),('05030','Saltillo','05'),('05031','San Buenaventura','05'),('05032','San Juan de Sabinas','05'),('05033','San Pedro','05'),('05034','Sierra Mojada','05'),('05035','Torreón','05'),('05036','Viesca','05'),('05037','Villa Unión','05'),('05038','Zaragoza','05'),('06001','Armería','06'),('06002','Colima','06'),('06003','Comala','06'),('06004','Coquimatlán','06'),('06005','Cuauhtémoc','06'),('06006','Ixtlahuacán','06'),('06007','Manzanillo','06'),('06008','Minatitlán','06'),('06009','Tecomán','06'),('06010','Villa de Álvarez','06'),('07001','Acacoyagua','07'),('07002','Acala','07'),('07003','Acapetahua','07'),('07004','Altamirano','07'),('07005','Amatán','07'),('07006','Amatenango de la Frontera','07'),('07007','Amatenango del Valle','07'),('07008','Angel Albino Corzo','07'),('07009','Arriaga','07'),('07010','Bejucal de Ocampo','07'),('07011','Bella Vista','07'),('07012','Berriozábal','07'),('07013','Bochil','07'),('07014','El Bosque','07'),('07015','Cacahoatán','07'),('07016','Catazajá','07'),('07017','Cintalapa','07'),('07018','Coapilla','07'),('07019','Comitán de Domínguez','07'),('07020','La Concordia','07'),('07021','Copainalá','07'),('07022','Chalchihuitán','07'),('07023','Chamula','07'),('07024','Chanal','07'),('07025','Chapultenango','07'),('07026','Chenalhó','07'),('07027','Chiapa de Corzo','07'),('07028','Chiapilla','07'),('07029','Chicoasén','07'),('07030','Chicomuselo','07'),('07031','Chilón','07'),('07032','Escuintla','07'),('07033','Francisco León','07'),('07034','Frontera Comalapa','07'),('07035','Frontera Hidalgo','07'),('07036','La Grandeza','07'),('07037','Huehuetán','07'),('07038','Huixtán','07'),('07039','Huitiupán','07'),('07040','Huixtla','07'),('07041','La Independencia','07'),('07042','Ixhuatán','07'),('07043','Ixtacomitán','07'),('07044','Ixtapa','07'),('07045','Ixtapangajoya','07'),('07046','Jiquipilas','07'),('07047','Jitotol','07'),('07048','Juárez','07'),('07049','Larráinzar','07'),('07050','La Libertad','07'),('07051','Mapastepec','07'),('07052','Las Margaritas','07'),('07053','Mazapa de Madero','07'),('07054','Mazatán','07'),('07055','Metapa','07'),('07056','Mitontic','07'),('07057','Motozintla','07'),('07058','Nicolás Ruíz','07'),('07059','Ocosingo','07'),('07060','Ocotepec','07'),('07061','Ocozocoautla de Espinosa','07'),('07062','Ostuacán','07'),('07063','Osumacinta','07'),('07064','Oxchuc','07'),('07065','Palenque','07'),('07066','Pantelhó','07'),('07067','Pantepec','07'),('07068','Pichucalco','07'),('07069','Pijijiapan','07'),('07070','El Porvenir','07'),('07071','Villa Comaltitlán','07'),('07072','Pueblo Nuevo Solistahuacán','07'),('07073','Rayón','07'),('07074','Reforma','07'),('07075','Las Rosas','07'),('07076','Sabanilla','07'),('07077','Salto de Agua','07'),('07078','San Cristóbal de las Casas','07'),('07079','San Fernando','07'),('07080','Siltepec','07'),('07081','Simojovel','07'),('07082','Sitalá','07'),('07083','Socoltenango','07'),('07084','Solosuchiapa','07'),('07085','Soyaló','07'),('07086','Suchiapa','07'),('07087','Suchiate','07'),('07088','Sunuapa','07'),('07089','Tapachula','07'),('07090','Tapalapa','07'),('07091','Tapilula','07'),('07092','Tecpatán','07'),('07093','Tenejapa','07'),('07094','Teopisca','07'),('07096','Tila','07'),('07097','Tonalá','07'),('07098','Totolapa','07'),('07099','La Trinitaria','07'),('07100','Tumbalá','07'),('07101','Tuxtla Gutiérrez','07'),('07102','Tuxtla Chico','07'),('07103','Tuzantán','07'),('07104','Tzimol','07'),('07105','Unión Juárez','07'),('07106','Venustiano Carranza','07'),('07107','Villa Corzo','07'),('07108','Villaflores','07'),('07109','Yajalón','07'),('07110','San Lucas','07'),('07111','Zinacantán','07'),('07112','San Juan Cancuc','07'),('07113','Aldama','07'),('07114','Benemérito de las Américas','07'),('07115','Maravilla Tenejapa','07'),('07116','Marqués de Comillas','07'),('07117','Montecristo de Guerrero','07'),('07118','San Andrés Duraznal','07'),('07119','Santiago el Pinar','07'),('08001','Ahumada','08'),('08002','Aldama','08'),('08003','Allende','08'),('08004','Aquiles Serdán','08'),('08005','Ascensión','08'),('08006','Bachíniva','08'),('08007','Balleza','08'),('08008','Batopilas','08'),('08009','Bocoyna','08'),('08010','Buenaventura','08'),('08011','Camargo','08'),('08012','Carichí','08'),('08013','Casas Grandes','08'),('08014','Coronado','08'),('08015','Coyame del Sotol','08'),('08016','La Cruz','08'),('08017','Cuauhtémoc','08'),('08018','Cusihuiriachi','08'),('08019','Chihuahua','08'),('08020','Chínipas','08'),('08021','Delicias','08'),('08022','Dr. Belisario Domínguez','08'),('08023','Galeana','08'),('08024','Santa Isabel','08'),('08025','Gómez Farías','08'),('08026','Gran Morelos','08'),('08027','Guachochi','08'),('08028','Guadalupe','08'),('08029','Guadalupe y Calvo','08'),('08030','Guazapares','08'),('08031','Guerrero','08'),('08032','Hidalgo del Parral','08'),('08033','Huejotitán','08'),('08034','Ignacio Zaragoza','08'),('08035','Janos','08'),('08036','Jiménez','08'),('08037','Juárez','08'),('08038','Julimes','08'),('08039','López','08'),('08040','Madera','08'),('08041','Maguarichi','08'),('08042','Manuel Benavides','08'),('08043','Matachí','08'),('08044','Matamoros','08'),('08045','Meoqui','08'),('08046','Morelos','08'),('08047','Moris','08'),('08048','Namiquipa','08'),('08049','Nonoava','08'),('08050','Nuevo Casas Grandes','08'),('08051','Ocampo','08'),('08052','Ojinaga','08'),('08053','Praxedis G. Guerrero','08'),('08054','Riva Palacio','08'),('08055','Rosales','08'),('08056','Rosario','08'),('08057','San Francisco de Borja','08'),('08058','San Francisco de Conchos','08'),('08059','San Francisco del Oro','08'),('08060','Santa Bárbara','08'),('08061','Satevó','08'),('08062','Saucillo','08'),('08063','Temósachic','08'),('08064','El Tule','08'),('08065','Urique','08'),('08066','Uruachi','08'),('08067','Valle de Zaragoza','08'),('09002','Azcapotzalco','09'),('09003','Coyoacán','09'),('09004','Cuajimalpa de Morelos','09'),('09005','Gustavo A. Madero','09'),('09006','Iztacalco','09'),('09007','Iztapalapa','09'),('09008','La Magdalena Contreras','09'),('09009','Milpa Alta','09'),('09010','Álvaro Obregón','09'),('09011','Tláhuac','09'),('09012','Tlalpan','09'),('09013','Xochimilco','09'),('09014','Benito Juárez','09'),('09015','Cuauhtémoc','09'),('09016','Miguel Hidalgo','09'),('09017','Venustiano Carranza','09'),('10001','Canatlán','10'),('10002','Canelas','10'),('10003','Coneto de Comonfort','10'),('10004','Cuencamé','10'),('10005','Durango','10'),('10006','General Simón Bolívar','10'),('10007','Gómez Palacio','10'),('10008','Guadalupe Victoria','10'),('10009','Guanaceví','10'),('10010','Hidalgo','10'),('10011','Indé','10'),('10012','Lerdo','10'),('10013','Mapimí','10'),('10014','Mezquital','10'),('10015','Nazas','10'),('10016','Nombre de Dios','10'),('10017','Ocampo','10'),('10018','El Oro','10'),('10019','Otáez','10'),('10020','Pánuco de Coronado','10'),('10021','Peñón Blanco','10'),('10022','Poanas','10'),('10023','Pueblo Nuevo','10'),('10024','Rodeo','10'),('10025','San Bernardo','10'),('10026','San Dimas','10'),('10027','San Juan de Guadalupe','10'),('10028','San Juan del Río','10'),('10029','San Luis del Cordero','10'),('10030','San Pedro del Gallo','10'),('10031','Santa Clara','10'),('10032','Santiago Papasquiaro','10'),('10033','Súchil','10'),('10034','Tamazula','10'),('10035','Tepehuanes','10'),('10036','Tlahualilo','10'),('10037','Topia','10'),('10038','Vicente Guerrero','10'),('10039','Nuevo Ideal','10'),('11001','Abasolo','11'),('11002','Acámbaro','11'),('11003','San Miguel de Allende','11'),('11004','Apaseo el Alto','11'),('11005','Apaseo el Grande','11'),('11006','Atarjea','11'),('11007','Celaya','11'),('11008','Manuel Doblado','11'),('11009','Comonfort','11'),('11010','Coroneo','11'),('11011','Cortazar','11'),('11012','Cuerámaro','11'),('11013','Doctor Mora','11'),('11014','Dolores Hidalgo Cuna de la Independencia Nacional','11'),('11015','Guanajuato','11'),('11016','Huanímaro','11'),('11017','Irapuato','11'),('11018','Jaral del Progreso','11'),('11019','Jerécuaro','11'),('11020','León','11'),('11021','Moroleón','11'),('11022','Ocampo','11'),('11023','Pénjamo','11'),('11024','Pueblo Nuevo','11'),('11025','Purísima del Rincón','11'),('11026','Romita','11'),('11027','Salamanca','11'),('11028','Salvatierra','11'),('11029','San Diego de la Unión','11'),('11030','San Felipe','11'),('11031','San Francisco del Rincón','11'),('11032','San José Iturbide','11'),('11033','San Luis de la Paz','11'),('11034','Santa Catarina','11'),('11035','Santa Cruz de Juventino Rosas','11'),('11036','Santiago Maravatío','11'),('11037','Silao de la Victoria','11'),('11038','Tarandacuao','11'),('11039','Tarimoro','11'),('11040','Tierra Blanca','11'),('11041','Uriangato','11'),('11042','Valle de Santiago','11'),('11043','Victoria','11'),('11044','Villagrán','11'),('11045','Xichú','11'),('11046','Yuriria','11'),('12001','Acapulco de Juárez','12'),('12002','Ahuacuotzingo','12'),('12003','Ajuchitlán del Progreso','12'),('12004','Alcozauca de Guerrero','12'),('12005','Alpoyeca','12'),('12006','Apaxtla','12'),('12007','Arcelia','12'),('12008','Atenango del Río','12'),('12009','Atlamajalcingo del Monte','12'),('12010','Atlixtac','12'),('12011','Atoyac de Álvarez','12'),('12012','Ayutla de los Libres','12'),('12013','Azoyú','12'),('12014','Benito Juárez','12'),('12015','Buenavista de Cuéllar','12'),('12016','Coahuayutla de José María Izazaga','12'),('12017','Cocula','12'),('12018','Copala','12'),('12019','Copalillo','12'),('12020','Copanatoyac','12'),('12021','Coyuca de Benítez','12'),('12022','Coyuca de Catalán','12'),('12023','Cuajinicuilapa','12'),('12024','Cualác','12'),('12025','Cuautepec','12'),('12026','Cuetzala del Progreso','12'),('12027','Cutzamala de Pinzón','12'),('12028','Chilapa de Álvarez','12'),('12029','Chilpancingo de los Bravo','12'),('12030','Florencio Villarreal','12'),('12031','General Canuto A. Neri','12'),('12032','General Heliodoro Castillo','12'),('12033','Huamuxtitlán','12'),('12034','Huitzuco de los Figueroa','12'),('12035','Iguala de la Independencia','12'),('12036','Igualapa','12'),('12037','Ixcateopan de Cuauhtémoc','12'),('12038','Zihuatanejo de Azueta','12'),('12039','Juan R. Escudero','12'),('12040','Leonardo Bravo','12'),('12041','Malinaltepec','12'),('12042','Mártir de Cuilapan','12'),('12043','Metlatónoc','12'),('12044','Mochitlán','12'),('12045','Olinalá','12'),('12046','Ometepec','12'),('12047','Pedro Ascencio Alquisiras','12'),('12048','Petatlán','12'),('12049','Pilcaya','12'),('12050','Pungarabato','12'),('12051','Quechultenango','12'),('12052','San Luis Acatlán','12'),('12053','San Marcos','12'),('12054','San Miguel Totolapan','12'),('12055','Taxco de Alarcón','12'),('12056','Tecoanapa','12'),('12057','Técpan de Galeana','12'),('12058','Teloloapan','12'),('12059','Tepecoacuilco de Trujano','12'),('12060','Tetipac','12'),('12061','Tixtla de Guerrero','12'),('12062','Tlacoachistlahuaca','12'),('12063','Tlacoapa','12'),('12064','Tlalchapa','12'),('12065','Tlalixtaquilla de Maldonado','12'),('12066','Tlapa de Comonfort','12'),('12067','Tlapehuala','12'),('12068','La Unión de Isidoro Montes de Oca','12'),('12069','Xalpatláhuac','12'),('12070','Xochihuehuetlán','12'),('12071','Xochistlahuaca','12'),('12072','Zapotitlán Tablas','12'),('12073','Zirándaro','12'),('12074','Zitlala','12'),('12075','Eduardo Neri','12'),('12076','Acatepec','12'),('12077','Marquelia','12'),('12078','Cochoapa el Grande','12'),('12079','José Joaquín de Herrera','12'),('12080','Juchitán','12'),('12081','Iliatenco','12'),('13001','Acatlán','13'),('13002','Acaxochitlán','13'),('13003','Actopan','13'),('13004','Agua Blanca de Iturbide','13'),('13005','Ajacuba','13'),('13006','Alfajayucan','13'),('13007','Almoloya','13'),('13008','Apan','13'),('13009','El Arenal','13'),('13010','Atitalaquia','13'),('13011','Atlapexco','13'),('13012','Atotonilco el Grande','13'),('13013','Atotonilco de Tula','13'),('13014','Calnali','13'),('13015','Cardonal','13'),('13016','Cuautepec de Hinojosa','13'),('13017','Chapantongo','13'),('13018','Chapulhuacán','13'),('13019','Chilcuautla','13'),('13020','Eloxochitlán','13'),('13021','Emiliano Zapata','13'),('13022','Epazoyucan','13'),('13023','Francisco I. Madero','13'),('13024','Huasca de Ocampo','13'),('13025','Huautla','13'),('13026','Huazalingo','13'),('13027','Huehuetla','13'),('13028','Huejutla de Reyes','13'),('13029','Huichapan','13'),('13030','Ixmiquilpan','13'),('13031','Jacala de Ledezma','13'),('13032','Jaltocán','13'),('13033','Juárez Hidalgo','13'),('13034','Lolotla','13'),('13035','Metepec','13'),('13036','San Agustín Metzquititlán','13'),('13037','Metztitlán','13'),('13038','Mineral del Chico','13'),('13039','Mineral del Monte','13'),('13040','La Misión','13'),('13041','Mixquiahuala de Juárez','13'),('13042','Molango de Escamilla','13'),('13043','Nicolás Flores','13'),('13044','Nopala de Villagrán','13'),('13045','Omitlán de Juárez','13'),('13046','San Felipe Orizatlán','13'),('13047','Pacula','13'),('13048','Pachuca de Soto','13'),('13049','Pisaflores','13'),('13050','Progreso de Obregón','13'),('13051','Mineral de la Reforma','13'),('13052','San Agustín Tlaxiaca','13'),('13053','San Bartolo Tutotepec','13'),('13054','San Salvador','13'),('13055','Santiago de Anaya','13'),('13056','Santiago Tulantepec de Lugo Guerrero','13'),('13057','Singuilucan','13'),('13058','Tasquillo','13'),('13059','Tecozautla','13'),('13060','Tenango de Doria','13'),('13061','Tepeapulco','13'),('13062','Tepehuacán de Guerrero','13'),('13063','Tepeji del Río de Ocampo','13'),('13064','Tepetitlán','13'),('13065','Tetepango','13'),('13066','Villa de Tezontepec','13'),('13067','Tezontepec de Aldama','13'),('13068','Tianguistengo','13'),('13069','Tizayuca','13'),('13070','Tlahuelilpan','13'),('13071','Tlahuiltepa','13'),('13072','Tlanalapa','13'),('13073','Tlanchinol','13'),('13074','Tlaxcoapan','13'),('13075','Tolcayuca','13'),('13076','Tula de Allende','13'),('13077','Tulancingo de Bravo','13'),('13078','Xochiatipan','13'),('13079','Xochicoatlán','13'),('13080','Yahualica','13'),('13081','Zacualtipán de Ángeles','13'),('13082','Zapotlán de Juárez','13'),('13083','Zempoala','13'),('13084','Zimapán','13'),('14001','Acatic','14'),('14002','Acatlán de Juárez','14'),('14003','Ahualulco de Mercado','14'),('14004','Amacueca','14'),('14005','Amatitán','14'),('14006','Ameca','14'),('14007','San Juanito de Escobedo','14'),('14008','Arandas','14'),('14009','El Arenal','14'),('14010','Atemajac de Brizuela','14'),('14011','Atengo','14'),('14012','Atenguillo','14'),('14013','Atotonilco el Alto','14'),('14014','Atoyac','14'),('14015','Autlán de Navarro','14'),('14016','Ayotlán','14'),('14017','Ayutla','14'),('14018','La Barca','14'),('14019','Bolaños','14'),('14020','Cabo Corrientes','14'),('14021','Casimiro Castillo','14'),('14022','Cihuatlán','14'),('14023','Zapotlán el Grande','14'),('14024','Cocula','14'),('14025','Colotlán','14'),('14026','Concepción de Buenos Aires','14'),('14027','Cuautitlán de García Barragán','14'),('14028','Cuautla','14'),('14029','Cuquío','14'),('14030','Chapala','14'),('14031','Chimaltitán','14'),('14032','Chiquilistlán','14'),('14033','Degollado','14'),('14034','Ejutla','14'),('14035','Encarnación de Díaz','14'),('14036','Etzatlán','14'),('14037','El Grullo','14'),('14038','Guachinango','14'),('14039','Guadalajara','14'),('14040','Hostotipaquillo','14'),('14041','Huejúcar','14'),('14042','Huejuquilla el Alto','14'),('14043','La Huerta','14'),('14044','Ixtlahuacán de los Membrillos','14'),('14045','Ixtlahuacán del Río','14'),('14046','Jalostotitlán','14'),('14047','Jamay','14'),('14048','Jesús María','14'),('14049','Jilotlán de los Dolores','14'),('14050','Jocotepec','14'),('14051','Juanacatlán','14'),('14052','Juchitlán','14'),('14053','Lagos de Moreno','14'),('14054','El Limón','14'),('14055','Magdalena','14'),('14056','Santa María del Oro','14'),('14057','La Manzanilla de la Paz','14'),('14058','Mascota','14'),('14059','Mazamitla','14'),('14060','Mexticacán','14'),('14061','Mezquitic','14'),('14062','Mixtlán','14'),('14063','Ocotlán','14'),('14064','Ojuelos de Jalisco','14'),('14065','Pihuamo','14'),('14066','Poncitlán','14'),('14067','Puerto Vallarta','14'),('14068','Villa Purificación','14'),('14069','Quitupan','14'),('14070','El Salto','14'),('14071','San Cristóbal de la Barranca','14'),('14072','San Diego de Alejandría','14'),('14073','San Juan de los Lagos','14'),('14074','San Julián','14'),('14075','San Marcos','14'),('14076','San Martín de Bolaños','14'),('14077','San Martín Hidalgo','14'),('14078','San Miguel el Alto','14'),('14079','Gómez Farías','14'),('14080','San Sebastián del Oeste','14'),('14081','Santa María de los Ángeles','14'),('14082','Sayula','14'),('14083','Tala','14'),('14084','Talpa de Allende','14'),('14085','Tamazula de Gordiano','14'),('14086','Tapalpa','14'),('14087','Tecalitlán','14'),('14088','Tecolotlán','14'),('14089','Techaluta de Montenegro','14'),('14090','Tenamaxtlán','14'),('14091','Teocaltiche','14'),('14092','Teocuitatlán de Corona','14'),('14093','Tepatitlán de Morelos','14'),('14094','Tequila','14'),('14095','Teuchitlán','14'),('14096','Tizapán el Alto','14'),('14097','Tlajomulco de Zúñiga','14'),('14098','San Pedro Tlaquepaque','14'),('14099','Tolimán','14'),('14100','Tomatlán','14'),('14101','Tonalá','14'),('14102','Tonaya','14'),('14103','Tonila','14'),('14104','Totatiche','14'),('14105','Tototlán','14'),('14106','Tuxcacuesco','14'),('14107','Tuxcueca','14'),('14108','Tuxpan','14'),('14109','Unión de San Antonio','14'),('14110','Unión de Tula','14'),('14111','Valle de Guadalupe','14'),('14112','Valle de Juárez','14'),('14113','San Gabriel','14'),('14114','Villa Corona','14'),('14115','Villa Guerrero','14'),('14116','Villa Hidalgo','14'),('14117','Cañadas de Obregón','14'),('14118','Yahualica de González Gallo','14'),('14119','Zacoalco de Torres','14'),('14120','Zapopan','14'),('14121','Zapotiltic','14'),('14122','Zapotitlán de Vadillo','14'),('14123','Zapotlán del Rey','14'),('14124','Zapotlanejo','14'),('14125','San Ignacio Cerro Gordo','14'),('15001','Acambay de Ruíz Castañeda','15'),('15002','Acolman','15'),('15003','Aculco','15'),('15004','Almoloya de Alquisiras','15'),('15005','Almoloya de Juárez','15'),('15006','Almoloya del Río','15'),('15007','Amanalco','15'),('15008','Amatepec','15'),('15009','Amecameca','15'),('15010','Apaxco','15'),('15011','Atenco','15'),('15012','Atizapán','15'),('15013','Atizapán de Zaragoza','15'),('15014','Atlacomulco','15'),('15015','Atlautla','15'),('15016','Axapusco','15'),('15017','Ayapango','15'),('15018','Calimaya','15'),('15019','Capulhuac','15'),('15020','Coacalco de Berriozábal','15'),('15021','Coatepec Harinas','15'),('15022','Cocotitlán','15'),('15023','Coyotepec','15'),('15024','Cuautitlán','15'),('15025','Chalco','15'),('15026','Chapa de Mota','15'),('15027','Chapultepec','15'),('15028','Chiautla','15'),('15029','Chicoloapan','15'),('15030','Chiconcuac','15'),('15031','Chimalhuacán','15'),('15032','Donato Guerra','15'),('15033','Ecatepec de Morelos','15'),('15034','Ecatzingo','15'),('15035','Huehuetoca','15'),('15036','Hueypoxtla','15'),('15037','Huixquilucan','15'),('15038','Isidro Fabela','15'),('15039','Ixtapaluca','15'),('15040','Ixtapan de la Sal','15'),('15041','Ixtapan del Oro','15'),('15042','Ixtlahuaca','15'),('15043','Xalatlaco','15'),('15044','Jaltenco','15'),('15045','Jilotepec','15'),('15046','Jilotzingo','15'),('15047','Jiquipilco','15'),('15048','Jocotitlán','15'),('15049','Joquicingo','15'),('15050','Juchitepec','15'),('15051','Lerma','15'),('15052','Malinalco','15'),('15053','Melchor Ocampo','15'),('15054','Metepec','15'),('15055','Mexicaltzingo','15'),('15056','Morelos','15'),('15057','Naucalpan de Juárez','15'),('15058','Nezahualcóyotl','15'),('15059','Nextlalpan','15'),('15060','Nicolás Romero','15'),('15061','Nopaltepec','15'),('15062','Ocoyoacac','15'),('15063','Ocuilan','15'),('15064','El Oro','15'),('15065','Otumba','15'),('15066','Otzoloapan','15'),('15067','Otzolotepec','15'),('15068','Ozumba','15'),('15069','Papalotla','15'),('15070','La Paz','15'),('15071','Polotitlán','15'),('15072','Rayón','15'),('15073','San Antonio la Isla','15'),('15074','San Felipe del Progreso','15'),('15075','San Martín de las Pirámides','15'),('15076','San Mateo Atenco','15'),('15077','San Simón de Guerrero','15'),('15078','Santo Tomás','15'),('15079','Soyaniquilpan de Juárez','15'),('15080','Sultepec','15'),('15081','Tecámac','15'),('15082','Tejupilco','15'),('15083','Temamatla','15'),('15084','Temascalapa','15'),('15085','Temascalcingo','15'),('15086','Temascaltepec','15'),('15087','Temoaya','15'),('15088','Tenancingo','15'),('15089','Tenango del Aire','15'),('15090','Tenango del Valle','15'),('15091','Teoloyucan','15'),('15092','Teotihuacán','15'),('15093','Tepetlaoxtoc','15'),('15094','Tepetlixpa','15'),('15095','Tepotzotlán','15'),('15096','Tequixquiac','15'),('15097','Texcaltitlán','15'),('15098','Texcalyacac','15'),('15099','Texcoco','15'),('15100','Tezoyuca','15'),('15101','Tianguistenco','15'),('15102','Timilpan','15'),('15103','Tlalmanalco','15'),('15104','Tlalnepantla de Baz','15'),('15105','Tlatlaya','15'),('15106','Toluca','15'),('15107','Tonatico','15'),('15108','Tultepec','15'),('15109','Tultitlán','15'),('15110','Valle de Bravo','15'),('15111','Villa de Allende','15'),('15112','Villa del Carbón','15'),('15113','Villa Guerrero','15'),('15114','Villa Victoria','15'),('15115','Xonacatlán','15'),('15116','Zacazonapan','15'),('15117','Zacualpan','15'),('15118','Zinacantepec','15'),('15119','Zumpahuacán','15'),('15120','Zumpango','15'),('15121','Cuautitlán Izcalli','15'),('15122','Valle de Chalco Solidaridad','15'),('15123','Luvianos','15'),('15124','San José del Rincón','15'),('15125','Tonanitla','15'),('16001','Acuitzio','16'),('16002','Aguililla','16'),('16003','Álvaro Obregón','16'),('16004','Angamacutiro','16'),('16005','Angangueo','16'),('16006','Apatzingán','16'),('16007','Aporo','16'),('16008','Aquila','16'),('16009','Ario','16'),('16010','Arteaga','16'),('16011','Briseñas','16'),('16012','Buenavista','16'),('16013','Carácuaro','16'),('16014','Coahuayana','16'),('16015','Coalcomán de Vázquez Pallares','16'),('16016','Coeneo','16'),('16017','Contepec','16'),('16018','Copándaro','16'),('16019','Cotija','16'),('16020','Cuitzeo','16'),('16021','Charapan','16'),('16022','Charo','16'),('16023','Chavinda','16'),('16024','Cherán','16'),('16025','Chilchota','16'),('16026','Chinicuila','16'),('16027','Chucándiro','16'),('16028','Churintzio','16'),('16029','Churumuco','16'),('16030','Ecuandureo','16'),('16031','Epitacio Huerta','16'),('16032','Erongarícuaro','16'),('16033','Gabriel Zamora','16'),('16034','Hidalgo','16'),('16035','La Huacana','16'),('16036','Huandacareo','16'),('16037','Huaniqueo','16'),('16038','Huetamo','16'),('16039','Huiramba','16'),('16040','Indaparapeo','16'),('16041','Irimbo','16'),('16042','Ixtlán','16'),('16043','Jacona','16'),('16044','Jiménez','16'),('16045','Jiquilpan','16'),('16046','Juárez','16'),('16047','Jungapeo','16'),('16048','Lagunillas','16'),('16049','Madero','16'),('16050','Maravatío','16'),('16051','Marcos Castellanos','16'),('16052','Lázaro Cárdenas','16'),('16053','Morelia','16'),('16054','Morelos','16'),('16055','Múgica','16'),('16056','Nahuatzen','16'),('16057','Nocupétaro','16'),('16058','Nuevo Parangaricutiro','16'),('16059','Nuevo Urecho','16'),('16060','Numarán','16'),('16061','Ocampo','16'),('16062','Pajacuarán','16'),('16063','Panindícuaro','16'),('16064','Parácuaro','16'),('16065','Paracho','16'),('16066','Pátzcuaro','16'),('16067','Penjamillo','16'),('16068','Peribán','16'),('16069','La Piedad','16'),('16070','Purépero','16'),('16071','Puruándiro','16'),('16072','Queréndaro','16'),('16073','Quiroga','16'),('16074','Cojumatlán de Régules','16'),('16075','Los Reyes','16'),('16076','Sahuayo','16'),('16077','San Lucas','16'),('16078','Santa Ana Maya','16'),('16079','Salvador Escalante','16'),('16080','Senguio','16'),('16081','Susupuato','16'),('16082','Tacámbaro','16'),('16083','Tancítaro','16'),('16084','Tangamandapio','16'),('16085','Tangancícuaro','16'),('16086','Tanhuato','16'),('16087','Taretan','16'),('16088','Tarímbaro','16'),('16089','Tepalcatepec','16'),('16090','Tingambato','16'),('16091','Tingüindín','16'),('16092','Tiquicheo de Nicolás Romero','16'),('16093','Tlalpujahua','16'),('16094','Tlazazalca','16'),('16095','Tocumbo','16'),('16096','Tumbiscatío','16'),('16097','Turicato','16'),('16098','Tuxpan','16'),('16099','Tuzantla','16'),('16100','Tzintzuntzan','16'),('16101','Tzitzio','16'),('16102','Uruapan','16'),('16103','Venustiano Carranza','16'),('16104','Villamar','16'),('16105','Vista Hermosa','16'),('16106','Yurécuaro','16'),('16107','Zacapu','16'),('16108','Zamora','16'),('16109','Zináparo','16'),('16110','Zinapécuaro','16'),('16111','Ziracuaretiro','16'),('16112','Zitácuaro','16'),('16113','José Sixto Verduzco','16'),('17001','Amacuzac','17'),('17002','Atlatlahucan','17'),('17003','Axochiapan','17'),('17004','Ayala','17'),('17005','Coatlán del Río','17'),('17006','Cuautla','17'),('17007','Cuernavaca','17'),('17008','Emiliano Zapata','17'),('17009','Huitzilac','17'),('17010','Jantetelco','17'),('17011','Jiutepec','17'),('17012','Jojutla','17'),('17013','Jonacatepec','17'),('17014','Mazatepec','17'),('17015','Miacatlán','17'),('17016','Ocuituco','17'),('17017','Puente de Ixtla','17'),('17018','Temixco','17'),('17019','Tepalcingo','17'),('17020','Tepoztlán','17'),('17021','Tetecala','17'),('17022','Tetela del Volcán','17'),('17023','Tlalnepantla','17'),('17024','Tlaltizapán de Zapata','17'),('17025','Tlaquiltenango','17'),('17026','Tlayacapan','17'),('17027','Totolapan','17'),('17028','Xochitepec','17'),('17029','Yautepec','17'),('17030','Yecapixtla','17'),('17031','Zacatepec','17'),('17032','Zacualpan de Amilpas','17'),('17033','Temoac','17'),('18001','Acaponeta','18'),('18002','Ahuacatlán','18'),('18003','Amatlán de Cañas','18'),('18004','Compostela','18'),('18005','Huajicori','18'),('18006','Ixtlán del Río','18'),('18007','Jala','18'),('18008','Xalisco','18'),('18009','Del Nayar','18'),('18010','Rosamorada','18'),('18011','Ruíz','18'),('18012','San Blas','18'),('18013','San Pedro Lagunillas','18'),('18014','Santa María del Oro','18'),('18015','Santiago Ixcuintla','18'),('18016','Tecuala','18'),('18017','Tepic','18'),('18018','Tuxpan','18'),('18019','La Yesca','18'),('18020','Bahía de Banderas','18'),('19001','Abasolo','19'),('19002','Agualeguas','19'),('19003','Los Aldamas','19'),('19004','Allende','19'),('19005','Anáhuac','19'),('19006','Apodaca','19'),('19007','Aramberri','19'),('19008','Bustamante','19'),('19009','Cadereyta Jiménez','19'),('19010','El Carmen','19'),('19011','Cerralvo','19'),('19012','Ciénega de Flores','19'),('19013','China','19'),('19014','Doctor Arroyo','19'),('19015','Doctor Coss','19'),('19016','Doctor González','19'),('19017','Galeana','19'),('19018','García','19'),('19019','San Pedro Garza García','19'),('19020','General Bravo','19'),('19021','General Escobedo','19'),('19022','General Terán','19'),('19023','General Treviño','19'),('19024','General Zaragoza','19'),('19025','General Zuazua','19'),('19026','Guadalupe','19'),('19027','Los Herreras','19'),('19028','Higueras','19'),('19029','Hualahuises','19'),('19030','Iturbide','19'),('19031','Juárez','19'),('19032','Lampazos de Naranjo','19'),('19033','Linares','19'),('19034','Marín','19'),('19035','Melchor Ocampo','19'),('19036','Mier y Noriega','19'),('19037','Mina','19'),('19038','Montemorelos','19'),('19039','Monterrey','19'),('19040','Parás','19'),('19041','Pesquería','19'),('19042','Los Ramones','19'),('19043','Rayones','19'),('19044','Sabinas Hidalgo','19'),('19045','Salinas Victoria','19'),('19046','San Nicolás de los Garza','19'),('19047','Hidalgo','19'),('19048','Santa Catarina','19'),('19049','Santiago','19'),('19050','Vallecillo','19'),('19051','Villaldama','19'),('20001','Abejones','20'),('20002','Acatlán de Pérez Figueroa','20'),('20003','Asunción Cacalotepec','20'),('20004','Asunción Cuyotepeji','20'),('20005','Asunción Ixtaltepec','20'),('20006','Asunción Nochixtlán','20'),('20007','Asunción Ocotlán','20'),('20008','Asunción Tlacolulita','20'),('20009','Ayotzintepec','20'),('20010','El Barrio de la Soledad','20'),('20011','Calihualá','20'),('20012','Candelaria Loxicha','20'),('20013','Ciénega de Zimatlán','20'),('20014','Ciudad Ixtepec','20'),('20015','Coatecas Altas','20'),('20016','Coicoyán de las Flores','20'),('20017','La Compañía','20'),('20018','Concepción Buenavista','20'),('20019','Concepción Pápalo','20'),('20020','Constancia del Rosario','20'),('20021','Cosolapa','20'),('20022','Cosoltepec','20'),('20023','Cuilápam de Guerrero','20'),('20024','Cuyamecalco Villa de Zaragoza','20'),('20025','Chahuites','20'),('20026','Chalcatongo de Hidalgo','20'),('20027','Chiquihuitlán de Benito Juárez','20'),('20028','Heroica Ciudad de Ejutla de Crespo','20'),('20029','Eloxochitlán de Flores Magón','20'),('20030','El Espinal','20'),('20031','Tamazulápam del Espíritu Santo','20'),('20032','Fresnillo de Trujano','20'),('20033','Guadalupe Etla','20'),('20034','Guadalupe de Ramírez','20'),('20035','Guelatao de Juárez','20'),('20036','Guevea de Humboldt','20'),('20037','Mesones Hidalgo','20'),('20038','Villa Hidalgo','20'),('20039','Heroica Ciudad de Huajuapan de León','20'),('20040','Huautepec','20'),('20041','Huautla de Jiménez','20'),('20042','Ixtlán de Juárez','20'),('20043','Heroica Ciudad de Juchitán de Zaragoza','20'),('20044','Loma Bonita','20'),('20045','Magdalena Apasco','20'),('20046','Magdalena Jaltepec','20'),('20047','Santa Magdalena Jicotlán','20'),('20048','Magdalena Mixtepec','20'),('20049','Magdalena Ocotlán','20'),('20050','Magdalena Peñasco','20'),('20051','Magdalena Teitipac','20'),('20052','Magdalena Tequisistlán','20'),('20053','Magdalena Tlacotepec','20'),('20054','Magdalena Zahuatlán','20'),('20055','Mariscala de Juárez','20'),('20056','Mártires de Tacubaya','20'),('20057','Matías Romero Avendaño','20'),('20058','Mazatlán Villa de Flores','20'),('20059','Miahuatlán de Porfirio Díaz','20'),('20060','Mixistlán de la Reforma','20'),('20061','Monjas','20'),('20062','Natividad','20'),('20063','Nazareno Etla','20'),('20064','Nejapa de Madero','20'),('20065','Ixpantepec Nieves','20'),('20066','Santiago Niltepec','20'),('20067','Oaxaca de Juárez','20'),('20068','Ocotlán de Morelos','20'),('20069','La Pe','20'),('20070','Pinotepa de Don Luis','20'),('20071','Pluma Hidalgo','20'),('20072','San José del Progreso','20'),('20073','Putla Villa de Guerrero','20'),('20074','Santa Catarina Quioquitani','20'),('20075','Reforma de Pineda','20'),('20076','La Reforma','20'),('20077','Reyes Etla','20'),('20078','Rojas de Cuauhtémoc','20'),('20079','Salina Cruz','20'),('20080','San Agustín Amatengo','20'),('20081','San Agustín Atenango','20'),('20082','San Agustín Chayuco','20'),('20083','San Agustín de las Juntas','20'),('20084','San Agustín Etla','20'),('20085','San Agustín Loxicha','20'),('20086','San Agustín Tlacotepec','20'),('20087','San Agustín Yatareni','20'),('20088','San Andrés Cabecera Nueva','20'),('20089','San Andrés Dinicuiti','20'),('20090','San Andrés Huaxpaltepec','20'),('20091','San Andrés Huayápam','20'),('20092','San Andrés Ixtlahuaca','20'),('20093','San Andrés Lagunas','20'),('20094','San Andrés Nuxiño','20'),('20095','San Andrés Paxtlán','20'),('20096','San Andrés Sinaxtla','20'),('20097','San Andrés Solaga','20'),('20098','San Andrés Teotilálpam','20'),('20099','San Andrés Tepetlapa','20'),('20100','San Andrés Yaá','20'),('20101','San Andrés Zabache','20'),('20102','San Andrés Zautla','20'),('20103','San Antonino Castillo Velasco','20'),('20104','San Antonino el Alto','20'),('20105','San Antonino Monte Verde','20'),('20106','San Antonio Acutla','20'),('20107','San Antonio de la Cal','20'),('20108','San Antonio Huitepec','20'),('20109','San Antonio Nanahuatípam','20'),('20110','San Antonio Sinicahua','20'),('20111','San Antonio Tepetlapa','20'),('20112','San Baltazar Chichicápam','20'),('20113','San Baltazar Loxicha','20'),('20114','San Baltazar Yatzachi el Bajo','20'),('20115','San Bartolo Coyotepec','20'),('20116','San Bartolomé Ayautla','20'),('20117','San Bartolomé Loxicha','20'),('20118','San Bartolomé Quialana','20'),('20119','San Bartolomé Yucuañe','20'),('20120','San Bartolomé Zoogocho','20'),('20121','San Bartolo Soyaltepec','20'),('20122','San Bartolo Yautepec','20'),('20123','San Bernardo Mixtepec','20'),('20124','San Blas Atempa','20'),('20125','San Carlos Yautepec','20'),('20126','San Cristóbal Amatlán','20'),('20127','San Cristóbal Amoltepec','20'),('20128','San Cristóbal Lachirioag','20'),('20129','San Cristóbal Suchixtlahuaca','20'),('20130','San Dionisio del Mar','20'),('20131','San Dionisio Ocotepec','20'),('20132','San Dionisio Ocotlán','20'),('20133','San Esteban Atatlahuca','20'),('20134','San Felipe Jalapa de Díaz','20'),('20135','San Felipe Tejalápam','20'),('20136','San Felipe Usila','20'),('20137','San Francisco Cahuacuá','20'),('20138','San Francisco Cajonos','20'),('20139','San Francisco Chapulapa','20'),('20140','San Francisco Chindúa','20'),('20141','San Francisco del Mar','20'),('20142','San Francisco Huehuetlán','20'),('20143','San Francisco Ixhuatán','20'),('20144','San Francisco Jaltepetongo','20'),('20145','San Francisco Lachigoló','20'),('20146','San Francisco Logueche','20'),('20147','San Francisco Nuxaño','20'),('20148','San Francisco Ozolotepec','20'),('20149','San Francisco Sola','20'),('20150','San Francisco Telixtlahuaca','20'),('20151','San Francisco Teopan','20'),('20152','San Francisco Tlapancingo','20'),('20153','San Gabriel Mixtepec','20'),('20154','San Ildefonso Amatlán','20'),('20155','San Ildefonso Sola','20'),('20156','San Ildefonso Villa Alta','20'),('20157','San Jacinto Amilpas','20'),('20158','San Jacinto Tlacotepec','20'),('20159','San Jerónimo Coatlán','20'),('20160','San Jerónimo Silacayoapilla','20'),('20161','San Jerónimo Sosola','20'),('20162','San Jerónimo Taviche','20'),('20163','San Jerónimo Tecóatl','20'),('20164','San Jorge Nuchita','20'),('20165','San José Ayuquila','20'),('20166','San José Chiltepec','20'),('20167','San José del Peñasco','20'),('20168','San José Estancia Grande','20'),('20169','San José Independencia','20'),('20170','San José Lachiguiri','20'),('20171','San José Tenango','20'),('20172','San Juan Achiutla','20'),('20173','San Juan Atepec','20'),('20174','Ánimas Trujano','20'),('20175','San Juan Bautista Atatlahuca','20'),('20176','San Juan Bautista Coixtlahuaca','20'),('20177','San Juan Bautista Cuicatlán','20'),('20178','San Juan Bautista Guelache','20'),('20179','San Juan Bautista Jayacatlán','20'),('20180','San Juan Bautista Lo de Soto','20'),('20181','San Juan Bautista Suchitepec','20'),('20182','San Juan Bautista Tlacoatzintepec','20'),('20183','San Juan Bautista Tlachichilco','20'),('20184','San Juan Bautista Tuxtepec','20'),('20185','San Juan Cacahuatepec','20'),('20186','San Juan Cieneguilla','20'),('20187','San Juan Coatzóspam','20'),('20188','San Juan Colorado','20'),('20189','San Juan Comaltepec','20'),('20190','San Juan Cotzocón','20'),('20191','San Juan Chicomezúchil','20'),('20192','San Juan Chilateca','20'),('20193','San Juan del Estado','20'),('20194','San Juan del Río','20'),('20195','San Juan Diuxi','20'),('20196','San Juan Evangelista Analco','20'),('20197','San Juan Guelavía','20'),('20198','San Juan Guichicovi','20'),('20199','San Juan Ihualtepec','20'),('20200','San Juan Juquila Mixes','20'),('20201','San Juan Juquila Vijanos','20'),('20202','San Juan Lachao','20'),('20203','San Juan Lachigalla','20'),('20204','San Juan Lajarcia','20'),('20205','San Juan Lalana','20'),('20206','San Juan de los Cués','20'),('20207','San Juan Mazatlán','20'),('20208','San Juan Mixtepec','20'),('20209','San Juan Mixtepec','20'),('20210','San Juan Ñumí','20'),('20211','San Juan Ozolotepec','20'),('20212','San Juan Petlapa','20'),('20213','San Juan Quiahije','20'),('20214','San Juan Quiotepec','20'),('20215','San Juan Sayultepec','20'),('20216','San Juan Tabaá','20'),('20217','San Juan Tamazola','20'),('20218','San Juan Teita','20'),('20219','San Juan Teitipac','20'),('20220','San Juan Tepeuxila','20'),('20221','San Juan Teposcolula','20'),('20222','San Juan Yaeé','20'),('20223','San Juan Yatzona','20'),('20224','San Juan Yucuita','20'),('20225','San Lorenzo','20'),('20226','San Lorenzo Albarradas','20'),('20227','San Lorenzo Cacaotepec','20'),('20228','San Lorenzo Cuaunecuiltitla','20'),('20229','San Lorenzo Texmelúcan','20'),('20230','San Lorenzo Victoria','20'),('20231','San Lucas Camotlán','20'),('20232','San Lucas Ojitlán','20'),('20233','San Lucas Quiaviní','20'),('20234','San Lucas Zoquiápam','20'),('20235','San Luis Amatlán','20'),('20236','San Marcial Ozolotepec','20'),('20237','San Marcos Arteaga','20'),('20238','San Martín de los Cansecos','20'),('20239','San Martín Huamelúlpam','20'),('20240','San Martín Itunyoso','20'),('20241','San Martín Lachilá','20'),('20242','San Martín Peras','20'),('20243','San Martín Tilcajete','20'),('20244','San Martín Toxpalan','20'),('20245','San Martín Zacatepec','20'),('20246','San Mateo Cajonos','20'),('20247','Capulálpam de Méndez','20'),('20248','San Mateo del Mar','20'),('20249','San Mateo Yoloxochitlán','20'),('20250','San Mateo Etlatongo','20'),('20251','San Mateo Nejápam','20'),('20252','San Mateo Peñasco','20'),('20253','San Mateo Piñas','20'),('20254','San Mateo Río Hondo','20'),('20255','San Mateo Sindihui','20'),('20256','San Mateo Tlapiltepec','20'),('20257','San Melchor Betaza','20'),('20258','San Miguel Achiutla','20'),('20259','San Miguel Ahuehuetitlán','20'),('20260','San Miguel Aloápam','20'),('20261','San Miguel Amatitlán','20'),('20262','San Miguel Amatlán','20'),('20263','San Miguel Coatlán','20'),('20264','San Miguel Chicahua','20'),('20265','San Miguel Chimalapa','20'),('20266','San Miguel del Puerto','20'),('20267','San Miguel del Río','20'),('20268','San Miguel Ejutla','20'),('20269','San Miguel el Grande','20'),('20270','San Miguel Huautla','20'),('20271','San Miguel Mixtepec','20'),('20272','San Miguel Panixtlahuaca','20'),('20273','San Miguel Peras','20'),('20274','San Miguel Piedras','20'),('20275','San Miguel Quetzaltepec','20'),('20276','San Miguel Santa Flor','20'),('20277','Villa Sola de Vega','20'),('20278','San Miguel Soyaltepec','20'),('20279','San Miguel Suchixtepec','20'),('20280','Villa Talea de Castro','20'),('20281','San Miguel Tecomatlán','20'),('20282','San Miguel Tenango','20'),('20283','San Miguel Tequixtepec','20'),('20284','San Miguel Tilquiápam','20'),('20285','San Miguel Tlacamama','20'),('20286','San Miguel Tlacotepec','20'),('20287','San Miguel Tulancingo','20'),('20288','San Miguel Yotao','20'),('20289','San Nicolás','20'),('20290','San Nicolás Hidalgo','20'),('20291','San Pablo Coatlán','20'),('20292','San Pablo Cuatro Venados','20'),('20293','San Pablo Etla','20'),('20294','San Pablo Huitzo','20'),('20295','San Pablo Huixtepec','20'),('20296','San Pablo Macuiltianguis','20'),('20297','San Pablo Tijaltepec','20'),('20298','San Pablo Villa de Mitla','20'),('20299','San Pablo Yaganiza','20'),('20300','San Pedro Amuzgos','20'),('20301','San Pedro Apóstol','20'),('20302','San Pedro Atoyac','20'),('20303','San Pedro Cajonos','20'),('20304','San Pedro Coxcaltepec Cántaros','20'),('20305','San Pedro Comitancillo','20'),('20306','San Pedro el Alto','20'),('20307','San Pedro Huamelula','20'),('20308','San Pedro Huilotepec','20'),('20309','San Pedro Ixcatlán','20'),('20310','San Pedro Ixtlahuaca','20'),('20311','San Pedro Jaltepetongo','20'),('20312','San Pedro Jicayán','20'),('20313','San Pedro Jocotipac','20'),('20314','San Pedro Juchatengo','20'),('20315','San Pedro Mártir','20'),('20316','San Pedro Mártir Quiechapa','20'),('20317','San Pedro Mártir Yucuxaco','20'),('20318','San Pedro Mixtepec','20'),('20319','San Pedro Mixtepec','20'),('20320','San Pedro Molinos','20'),('20321','San Pedro Nopala','20'),('20322','San Pedro Ocopetatillo','20'),('20323','San Pedro Ocotepec','20'),('20324','San Pedro Pochutla','20'),('20325','San Pedro Quiatoni','20'),('20326','San Pedro Sochiápam','20'),('20327','San Pedro Tapanatepec','20'),('20328','San Pedro Taviche','20'),('20329','San Pedro Teozacoalco','20'),('20330','San Pedro Teutila','20'),('20331','San Pedro Tidaá','20'),('20332','San Pedro Topiltepec','20'),('20333','San Pedro Totolápam','20'),('20334','Villa de Tututepec de Melchor Ocampo','20'),('20335','San Pedro Yaneri','20'),('20336','San Pedro Yólox','20'),('20337','San Pedro y San Pablo Ayutla','20'),('20338','Villa de Etla','20'),('20339','San Pedro y San Pablo Teposcolula','20'),('20340','San Pedro y San Pablo Tequixtepec','20'),('20341','San Pedro Yucunama','20'),('20342','San Raymundo Jalpan','20'),('20343','San Sebastián Abasolo','20'),('20344','San Sebastián Coatlán','20'),('20345','San Sebastián Ixcapa','20'),('20346','San Sebastián Nicananduta','20'),('20347','San Sebastián Río Hondo','20'),('20348','San Sebastián Tecomaxtlahuaca','20'),('20349','San Sebastián Teitipac','20'),('20350','San Sebastián Tutla','20'),('20351','San Simón Almolongas','20'),('20352','San Simón Zahuatlán','20'),('20353','Santa Ana','20'),('20354','Santa Ana Ateixtlahuaca','20'),('20355','Santa Ana Cuauhtémoc','20'),('20356','Santa Ana del Valle','20'),('20357','Santa Ana Tavela','20'),('20358','Santa Ana Tlapacoyan','20'),('20359','Santa Ana Yareni','20'),('20360','Santa Ana Zegache','20'),('20361','Santa Catalina Quierí','20'),('20362','Santa Catarina Cuixtla','20'),('20363','Santa Catarina Ixtepeji','20'),('20364','Santa Catarina Juquila','20'),('20365','Santa Catarina Lachatao','20'),('20366','Santa Catarina Loxicha','20'),('20367','Santa Catarina Mechoacán','20'),('20368','Santa Catarina Minas','20'),('20369','Santa Catarina Quiané','20'),('20370','Santa Catarina Tayata','20'),('20371','Santa Catarina Ticuá','20'),('20372','Santa Catarina Yosonotú','20'),('20373','Santa Catarina Zapoquila','20'),('20374','Santa Cruz Acatepec','20'),('20375','Santa Cruz Amilpas','20'),('20376','Santa Cruz de Bravo','20'),('20377','Santa Cruz Itundujia','20'),('20378','Santa Cruz Mixtepec','20'),('20379','Santa Cruz Nundaco','20'),('20380','Santa Cruz Papalutla','20'),('20381','Santa Cruz Tacache de Mina','20'),('20382','Santa Cruz Tacahua','20'),('20383','Santa Cruz Tayata','20'),('20384','Santa Cruz Xitla','20'),('20385','Santa Cruz Xoxocotlán','20'),('20386','Santa Cruz Zenzontepec','20'),('20387','Santa Gertrudis','20'),('20388','Santa Inés del Monte','20'),('20389','Santa Inés Yatzeche','20'),('20390','Santa Lucía del Camino','20'),('20391','Santa Lucía Miahuatlán','20'),('20392','Santa Lucía Monteverde','20'),('20393','Santa Lucía Ocotlán','20'),('20394','Santa María Alotepec','20'),('20395','Santa María Apazco','20'),('20396','Santa María la Asunción','20'),('20397','Heroica Ciudad de Tlaxiaco','20'),('20398','Ayoquezco de Aldama','20'),('20399','Santa María Atzompa','20'),('20400','Santa María Camotlán','20'),('20401','Santa María Colotepec','20'),('20402','Santa María Cortijo','20'),('20403','Santa María Coyotepec','20'),('20404','Santa María Chachoápam','20'),('20405','Villa de Chilapa de Díaz','20'),('20406','Santa María Chilchotla','20'),('20407','Santa María Chimalapa','20'),('20408','Santa María del Rosario','20'),('20409','Santa María del Tule','20'),('20410','Santa María Ecatepec','20'),('20411','Santa María Guelacé','20'),('20412','Santa María Guienagati','20'),('20413','Santa María Huatulco','20'),('20414','Santa María Huazolotitlán','20'),('20415','Santa María Ipalapa','20'),('20416','Santa María Ixcatlán','20'),('20417','Santa María Jacatepec','20'),('20418','Santa María Jalapa del Marqués','20'),('20419','Santa María Jaltianguis','20'),('20420','Santa María Lachixío','20'),('20421','Santa María Mixtequilla','20'),('20422','Santa María Nativitas','20'),('20423','Santa María Nduayaco','20'),('20424','Santa María Ozolotepec','20'),('20425','Santa María Pápalo','20'),('20426','Santa María Peñoles','20'),('20427','Santa María Petapa','20'),('20428','Santa María Quiegolani','20'),('20429','Santa María Sola','20'),('20430','Santa María Tataltepec','20'),('20431','Santa María Tecomavaca','20'),('20432','Santa María Temaxcalapa','20'),('20433','Santa María Temaxcaltepec','20'),('20434','Santa María Teopoxco','20'),('20435','Santa María Tepantlali','20'),('20436','Santa María Texcatitlán','20'),('20437','Santa María Tlahuitoltepec','20'),('20438','Santa María Tlalixtac','20'),('20439','Santa María Tonameca','20'),('20440','Santa María Totolapilla','20'),('20441','Santa María Xadani','20'),('20442','Santa María Yalina','20'),('20443','Santa María Yavesía','20'),('20444','Santa María Yolotepec','20'),('20445','Santa María Yosoyúa','20'),('20446','Santa María Yucuhiti','20'),('20447','Santa María Zacatepec','20'),('20448','Santa María Zaniza','20'),('20449','Santa María Zoquitlán','20'),('20450','Santiago Amoltepec','20'),('20451','Santiago Apoala','20'),('20452','Santiago Apóstol','20'),('20453','Santiago Astata','20'),('20454','Santiago Atitlán','20'),('20455','Santiago Ayuquililla','20'),('20456','Santiago Cacaloxtepec','20'),('20457','Santiago Camotlán','20'),('20458','Santiago Comaltepec','20'),('20459','Santiago Chazumba','20'),('20460','Santiago Choápam','20'),('20461','Santiago del Río','20'),('20462','Santiago Huajolotitlán','20'),('20463','Santiago Huauclilla','20'),('20464','Santiago Ihuitlán Plumas','20'),('20465','Santiago Ixcuintepec','20'),('20466','Santiago Ixtayutla','20'),('20467','Santiago Jamiltepec','20'),('20468','Santiago Jocotepec','20'),('20469','Santiago Juxtlahuaca','20'),('20470','Santiago Lachiguiri','20'),('20471','Santiago Lalopa','20'),('20472','Santiago Laollaga','20'),('20473','Santiago Laxopa','20'),('20474','Santiago Llano Grande','20'),('20475','Santiago Matatlán','20'),('20476','Santiago Miltepec','20'),('20477','Santiago Minas','20'),('20478','Santiago Nacaltepec','20'),('20479','Santiago Nejapilla','20'),('20480','Santiago Nundiche','20'),('20481','Santiago Nuyoó','20'),('20482','Santiago Pinotepa Nacional','20'),('20483','Santiago Suchilquitongo','20'),('20484','Santiago Tamazola','20'),('20485','Santiago Tapextla','20'),('20486','Villa Tejúpam de la Unión','20'),('20487','Santiago Tenango','20'),('20488','Santiago Tepetlapa','20'),('20489','Santiago Tetepec','20'),('20490','Santiago Texcalcingo','20'),('20491','Santiago Textitlán','20'),('20492','Santiago Tilantongo','20'),('20493','Santiago Tillo','20'),('20494','Santiago Tlazoyaltepec','20'),('20495','Santiago Xanica','20'),('20496','Santiago Xiacuí','20'),('20497','Santiago Yaitepec','20'),('20498','Santiago Yaveo','20'),('20499','Santiago Yolomécatl','20'),('20500','Santiago Yosondúa','20'),('20501','Santiago Yucuyachi','20'),('20502','Santiago Zacatepec','20'),('20503','Santiago Zoochila','20'),('20504','Nuevo Zoquiápam','20'),('20505','Santo Domingo Ingenio','20'),('20506','Santo Domingo Albarradas','20'),('20507','Santo Domingo Armenta','20'),('20508','Santo Domingo Chihuitán','20'),('20509','Santo Domingo de Morelos','20'),('20510','Santo Domingo Ixcatlán','20'),('20511','Santo Domingo Nuxaá','20'),('20512','Santo Domingo Ozolotepec','20'),('20513','Santo Domingo Petapa','20'),('20514','Santo Domingo Roayaga','20'),('20515','Santo Domingo Tehuantepec','20'),('20516','Santo Domingo Teojomulco','20'),('20517','Santo Domingo Tepuxtepec','20'),('20518','Santo Domingo Tlatayápam','20'),('20519','Santo Domingo Tomaltepec','20'),('20520','Santo Domingo Tonalá','20'),('20521','Santo Domingo Tonaltepec','20'),('20522','Santo Domingo Xagacía','20'),('20523','Santo Domingo Yanhuitlán','20'),('20524','Santo Domingo Yodohino','20'),('20525','Santo Domingo Zanatepec','20'),('20526','Santos Reyes Nopala','20'),('20527','Santos Reyes Pápalo','20'),('20528','Santos Reyes Tepejillo','20'),('20529','Santos Reyes Yucuná','20'),('20530','Santo Tomás Jalieza','20'),('20531','Santo Tomás Mazaltepec','20'),('20532','Santo Tomás Ocotepec','20'),('20533','Santo Tomás Tamazulapan','20'),('20534','San Vicente Coatlán','20'),('20535','San Vicente Lachixío','20'),('20536','San Vicente Nuñú','20'),('20537','Silacayoápam','20'),('20538','Sitio de Xitlapehua','20'),('20539','Soledad Etla','20'),('20540','Villa de Tamazulápam del Progreso','20'),('20541','Tanetze de Zaragoza','20'),('20542','Taniche','20'),('20543','Tataltepec de Valdés','20'),('20544','Teococuilco de Marcos Pérez','20'),('20545','Teotitlán de Flores Magón','20'),('20546','Teotitlán del Valle','20'),('20547','Teotongo','20'),('20548','Tepelmeme Villa de Morelos','20'),('20549','Heroica Villa Tezoatlán de Segura y Luna, Cuna de la Independencia de Oaxaca','20'),('20550','San Jerónimo Tlacochahuaya','20'),('20551','Tlacolula de Matamoros','20'),('20552','Tlacotepec Plumas','20'),('20553','Tlalixtac de Cabrera','20'),('20554','Totontepec Villa de Morelos','20'),('20555','Trinidad Zaachila','20'),('20556','La Trinidad Vista Hermosa','20'),('20557','Unión Hidalgo','20'),('20558','Valerio Trujano','20'),('20559','San Juan Bautista Valle Nacional','20'),('20560','Villa Díaz Ordaz','20'),('20561','Yaxe','20'),('20562','Magdalena Yodocono de Porfirio Díaz','20'),('20563','Yogana','20'),('20564','Yutanduchi de Guerrero','20'),('20565','Villa de Zaachila','20'),('20566','San Mateo Yucutindoo','20'),('20567','Zapotitlán Lagunas','20'),('20568','Zapotitlán Palmas','20'),('20569','Santa Inés de Zaragoza','20'),('20570','Zimatlán de Álvarez','20'),('21001','Acajete','21'),('21002','Acateno','21'),('21003','Acatlán','21'),('21004','Acatzingo','21'),('21005','Acteopan','21'),('21006','Ahuacatlán','21'),('21007','Ahuatlán','21'),('21008','Ahuazotepec','21'),('21009','Ahuehuetitla','21'),('21010','Ajalpan','21'),('21011','Albino Zertuche','21'),('21012','Aljojuca','21'),('21013','Altepexi','21'),('21014','Amixtlán','21'),('21015','Amozoc','21'),('21016','Aquixtla','21'),('21017','Atempan','21'),('21018','Atexcal','21'),('21019','Atlixco','21'),('21020','Atoyatempan','21'),('21021','Atzala','21'),('21022','Atzitzihuacán','21'),('21023','Atzitzintla','21'),('21024','Axutla','21'),('21025','Ayotoxco de Guerrero','21'),('21026','Calpan','21'),('21027','Caltepec','21'),('21028','Camocuautla','21'),('21029','Caxhuacan','21'),('21030','Coatepec','21'),('21031','Coatzingo','21'),('21032','Cohetzala','21'),('21033','Cohuecan','21'),('21034','Coronango','21'),('21035','Coxcatlán','21'),('21036','Coyomeapan','21'),('21037','Coyotepec','21'),('21038','Cuapiaxtla de Madero','21'),('21039','Cuautempan','21'),('21040','Cuautinchán','21'),('21041','Cuautlancingo','21'),('21042','Cuayuca de Andrade','21'),('21043','Cuetzalan del Progreso','21'),('21044','Cuyoaco','21'),('21045','Chalchicomula de Sesma','21'),('21046','Chapulco','21'),('21047','Chiautla','21'),('21048','Chiautzingo','21'),('21049','Chiconcuautla','21'),('21050','Chichiquila','21'),('21051','Chietla','21'),('21052','Chigmecatitlán','21'),('21053','Chignahuapan','21'),('21054','Chignautla','21'),('21055','Chila','21'),('21056','Chila de la Sal','21'),('21057','Honey','21'),('21058','Chilchotla','21'),('21059','Chinantla','21'),('21060','Domingo Arenas','21'),('21061','Eloxochitlán','21'),('21062','Epatlán','21'),('21063','Esperanza','21'),('21064','Francisco Z. Mena','21'),('21065','General Felipe Ángeles','21'),('21066','Guadalupe','21'),('21067','Guadalupe Victoria','21'),('21068','Hermenegildo Galeana','21'),('21069','Huaquechula','21'),('21070','Huatlatlauca','21'),('21071','Huauchinango','21'),('21072','Huehuetla','21'),('21073','Huehuetlán el Chico','21'),('21074','Huejotzingo','21'),('21075','Hueyapan','21'),('21076','Hueytamalco','21'),('21077','Hueytlalpan','21'),('21078','Huitzilan de Serdán','21'),('21079','Huitziltepec','21'),('21080','Atlequizayan','21'),('21081','Ixcamilpa de Guerrero','21'),('21082','Ixcaquixtla','21'),('21083','Ixtacamaxtitlán','21'),('21084','Ixtepec','21'),('21085','Izúcar de Matamoros','21'),('21086','Jalpan','21'),('21087','Jolalpan','21'),('21088','Jonotla','21'),('21089','Jopala','21'),('21090','Juan C. Bonilla','21'),('21091','Juan Galindo','21'),('21092','Juan N. Méndez','21'),('21093','Lafragua','21'),('21094','Libres','21'),('21095','La Magdalena Tlatlauquitepec','21'),('21096','Mazapiltepec de Juárez','21'),('21097','Mixtla','21'),('21098','Molcaxac','21'),('21099','Cañada Morelos','21'),('21100','Naupan','21'),('21101','Nauzontla','21'),('21102','Nealtican','21'),('21103','Nicolás Bravo','21'),('21104','Nopalucan','21'),('21105','Ocotepec','21'),('21106','Ocoyucan','21'),('21107','Olintla','21'),('21108','Oriental','21'),('21109','Pahuatlán','21'),('21110','Palmar de Bravo','21'),('21111','Pantepec','21'),('21112','Petlalcingo','21'),('21113','Piaxtla','21'),('21114','Puebla','21'),('21115','Quecholac','21'),('21116','Quimixtlán','21'),('21117','Rafael Lara Grajales','21'),('21118','Los Reyes de Juárez','21'),('21119','San Andrés Cholula','21'),('21120','San Antonio Cañada','21'),('21121','San Diego la Mesa Tochimiltzingo','21'),('21122','San Felipe Teotlalcingo','21'),('21123','San Felipe Tepatlán','21'),('21124','San Gabriel Chilac','21'),('21125','San Gregorio Atzompa','21'),('21126','San Jerónimo Tecuanipan','21'),('21127','San Jerónimo Xayacatlán','21'),('21128','San José Chiapa','21'),('21129','San José Miahuatlán','21'),('21130','San Juan Atenco','21'),('21131','San Juan Atzompa','21'),('21132','San Martín Texmelucan','21'),('21133','San Martín Totoltepec','21'),('21134','San Matías Tlalancaleca','21'),('21135','San Miguel Ixitlán','21'),('21136','San Miguel Xoxtla','21'),('21137','San Nicolás Buenos Aires','21'),('21138','San Nicolás de los Ranchos','21'),('21139','San Pablo Anicano','21'),('21140','San Pedro Cholula','21'),('21141','San Pedro Yeloixtlahuaca','21'),('21142','San Salvador el Seco','21'),('21143','San Salvador el Verde','21'),('21144','San Salvador Huixcolotla','21'),('21145','San Sebastián Tlacotepec','21'),('21146','Santa Catarina Tlaltempan','21'),('21147','Santa Inés Ahuatempan','21'),('21148','Santa Isabel Cholula','21'),('21149','Santiago Miahuatlán','21'),('21150','Huehuetlán el Grande','21'),('21151','Santo Tomás Hueyotlipan','21'),('21152','Soltepec','21'),('21153','Tecali de Herrera','21'),('21154','Tecamachalco','21'),('21155','Tecomatlán','21'),('21156','Tehuacán','21'),('21157','Tehuitzingo','21'),('21158','Tenampulco','21'),('21159','Teopantlán','21'),('21160','Teotlalco','21'),('21161','Tepanco de López','21'),('21162','Tepango de Rodríguez','21'),('21163','Tepatlaxco de Hidalgo','21'),('21164','Tepeaca','21'),('21165','Tepemaxalco','21'),('21166','Tepeojuma','21'),('21167','Tepetzintla','21'),('21168','Tepexco','21'),('21169','Tepexi de Rodríguez','21'),('21170','Tepeyahualco','21'),('21171','Tepeyahualco de Cuauhtémoc','21'),('21172','Tetela de Ocampo','21'),('21173','Teteles de Avila Castillo','21'),('21174','Teziutlán','21'),('21175','Tianguismanalco','21'),('21176','Tilapa','21'),('21177','Tlacotepec de Benito Juárez','21'),('21178','Tlacuilotepec','21'),('21179','Tlachichuca','21'),('21180','Tlahuapan','21'),('21181','Tlaltenango','21'),('21182','Tlanepantla','21'),('21183','Tlaola','21'),('21184','Tlapacoya','21'),('21185','Tlapanalá','21'),('21186','Tlatlauquitepec','21'),('21187','Tlaxco','21'),('21188','Tochimilco','21'),('21189','Tochtepec','21'),('21190','Totoltepec de Guerrero','21'),('21191','Tulcingo','21'),('21192','Tuzamapan de Galeana','21'),('21193','Tzicatlacoyan','21'),('21194','Venustiano Carranza','21'),('21195','Vicente Guerrero','21'),('21196','Xayacatlán de Bravo','21'),('21197','Xicotepec','21'),('21198','Xicotlán','21'),('21199','Xiutetelco','21'),('21200','Xochiapulco','21'),('21201','Xochiltepec','21'),('21202','Xochitlán de Vicente Suárez','21'),('21203','Xochitlán Todos Santos','21'),('21204','Yaonáhuac','21'),('21205','Yehualtepec','21'),('21206','Zacapala','21'),('21207','Zacapoaxtla','21'),('21208','Zacatlán','21'),('21209','Zapotitlán','21'),('21210','Zapotitlán de Méndez','21'),('21211','Zaragoza','21'),('21212','Zautla','21'),('21213','Zihuateutla','21'),('21214','Zinacatepec','21'),('21215','Zongozotla','21'),('21216','Zoquiapan','21'),('21217','Zoquitlán','21'),('22001','Amealco de Bonfil','22'),('22002','Pinal de Amoles','22'),('22003','Arroyo Seco','22'),('22004','Cadereyta de Montes','22'),('22005','Colón','22'),('22006','Corregidora','22'),('22007','Ezequiel Montes','22'),('22008','Huimilpan','22'),('22009','Jalpan de Serra','22'),('22010','Landa de Matamoros','22'),('22011','El Marqués','22'),('22012','Pedro Escobedo','22'),('22013','Peñamiller','22'),('22014','Querétaro','22'),('22015','San Joaquín','22'),('22016','San Juan del Río','22'),('22017','Tequisquiapan','22'),('22018','Tolimán','22'),('23001','Cozumel','23'),('23002','Felipe Carrillo Puerto','23'),('23003','Isla Mujeres','23'),('23004','Othón P. Blanco','23'),('23005','Benito Juárez','23'),('23006','José María Morelos','23'),('23007','Lázaro Cárdenas','23'),('23008','Solidaridad','23'),('23009','Tulum','23'),('23010','Bacalar','23'),('24001','Ahualulco','24'),('24002','Alaquines','24'),('24003','Aquismón','24'),('24004','Armadillo de los Infante','24'),('24005','Cárdenas','24'),('24006','Catorce','24'),('24007','Cedral','24'),('24008','Cerritos','24'),('24009','Cerro de San Pedro','24'),('24010','Ciudad del Maíz','24'),('24011','Ciudad Fernández','24'),('24012','Tancanhuitz','24'),('24013','Ciudad Valles','24'),('24014','Coxcatlán','24'),('24015','Charcas','24'),('24016','Ebano','24'),('24017','Guadalcázar','24'),('24018','Huehuetlán','24'),('24019','Lagunillas','24'),('24020','Matehuala','24'),('24021','Mexquitic de Carmona','24'),('24022','Moctezuma','24'),('24023','Rayón','24'),('24024','Rioverde','24'),('24025','Salinas','24'),('24026','San Antonio','24'),('24027','San Ciro de Acosta','24'),('24028','San Luis Potosí','24'),('24029','San Martín Chalchicuautla','24'),('24030','San Nicolás Tolentino','24'),('24031','Santa Catarina','24'),('24032','Santa María del Río','24'),('24033','Santo Domingo','24'),('24034','San Vicente Tancuayalab','24'),('24035','Soledad de Graciano Sánchez','24'),('24036','Tamasopo','24'),('24037','Tamazunchale','24'),('24038','Tampacán','24'),('24039','Tampamolón Corona','24'),('24040','Tamuín','24'),('24041','Tanlajás','24'),('24042','Tanquián de Escobedo','24'),('24043','Tierra Nueva','24'),('24044','Vanegas','24'),('24045','Venado','24'),('24046','Villa de Arriaga','24'),('24047','Villa de Guadalupe','24'),('24048','Villa de la Paz','24'),('24049','Villa de Ramos','24'),('24050','Villa de Reyes','24'),('24051','Villa Hidalgo','24'),('24052','Villa Juárez','24'),('24053','Axtla de Terrazas','24'),('24054','Xilitla','24'),('24055','Zaragoza','24'),('24056','Villa de Arista','24'),('24057','Matlapa','24'),('24058','El Naranjo','24'),('25001','Ahome','25'),('25002','Angostura','25'),('25003','Badiraguato','25'),('25004','Concordia','25'),('25005','Cosalá','25'),('25006','Culiacán','25'),('25007','Choix','25'),('25008','Elota','25'),('25009','Escuinapa','25'),('25010','El Fuerte','25'),('25011','Guasave','25'),('25012','Mazatlán','25'),('25013','Mocorito','25'),('25014','Rosario','25'),('25015','Salvador Alvarado','25'),('25016','San Ignacio','25'),('25017','Sinaloa','25'),('25018','Navolato','25'),('26001','Aconchi','26'),('26002','Agua Prieta','26'),('26003','Alamos','26'),('26004','Altar','26'),('26005','Arivechi','26'),('26006','Arizpe','26'),('26007','Atil','26'),('26008','Bacadéhuachi','26'),('26009','Bacanora','26'),('26010','Bacerac','26'),('26011','Bacoachi','26'),('26012','Bácum','26'),('26013','Banámichi','26'),('26014','Baviácora','26'),('26015','Bavispe','26'),('26016','Benjamín Hill','26'),('26017','Caborca','26'),('26018','Cajeme','26'),('26019','Cananea','26'),('26020','Carbó','26'),('26021','La Colorada','26'),('26022','Cucurpe','26'),('26023','Cumpas','26'),('26024','Divisaderos','26'),('26025','Empalme','26'),('26026','Etchojoa','26'),('26027','Fronteras','26'),('26028','Granados','26'),('26029','Guaymas','26'),('26030','Hermosillo','26'),('26031','Huachinera','26'),('26032','Huásabas','26'),('26033','Huatabampo','26'),('26034','Huépac','26'),('26035','Imuris','26'),('26036','Magdalena','26'),('26037','Mazatán','26'),('26038','Moctezuma','26'),('26039','Naco','26'),('26040','Nácori Chico','26'),('26041','Nacozari de García','26'),('26042','Navojoa','26'),('26043','Nogales','26'),('26044','Onavas','26'),('26045','Opodepe','26'),('26046','Oquitoa','26'),('26047','Pitiquito','26'),('26048','Puerto Peñasco','26'),('26049','Quiriego','26'),('26050','Rayón','26'),('26051','Rosario','26'),('26052','Sahuaripa','26'),('26053','San Felipe de Jesús','26'),('26054','San Javier','26'),('26055','San Luis Río Colorado','26'),('26056','San Miguel de Horcasitas','26'),('26057','San Pedro de la Cueva','26'),('26058','Santa Ana','26'),('26059','Santa Cruz','26'),('26060','Sáric','26'),('26061','Soyopa','26'),('26062','Suaqui Grande','26'),('26063','Tepache','26'),('26064','Trincheras','26'),('26065','Tubutama','26'),('26066','Ures','26'),('26067','Villa Hidalgo','26'),('26068','Villa Pesqueira','26'),('26069','Yécora','26'),('26070','General Plutarco Elías Calles','26'),('26071','Benito Juárez','26'),('26072','San Ignacio Río Muerto','26'),('27001','Balancán','27'),('27002','Cárdenas','27'),('27003','Centla','27'),('27004','Centro','27'),('27005','Comalcalco','27'),('27006','Cunduacán','27'),('27007','Emiliano Zapata','27'),('27008','Huimanguillo','27'),('27009','Jalapa','27'),('27010','Jalpa de Méndez','27'),('27011','Jonuta','27'),('27012','Macuspana','27'),('27013','Nacajuca','27'),('27014','Paraíso','27'),('27015','Tacotalpa','27'),('27016','Teapa','27'),('27017','Tenosique','27'),('28001','Abasolo','28'),('28002','Aldama','28'),('28003','Altamira','28'),('28004','Antiguo Morelos','28'),('28005','Burgos','28'),('28006','Bustamante','28'),('28007','Camargo','28'),('28008','Casas','28'),('28009','Ciudad Madero','28'),('28010','Cruillas','28'),('28011','Gómez Farías','28'),('28012','González','28'),('28013','Güémez','28'),('28014','Guerrero','28'),('28015','Gustavo Díaz Ordaz','28'),('28016','Hidalgo','28'),('28017','Jaumave','28'),('28018','Jiménez','28'),('28019','Llera','28'),('28020','Mainero','28'),('28021','El Mante','28'),('28022','Matamoros','28'),('28023','Méndez','28'),('28024','Mier','28'),('28025','Miguel Alemán','28'),('28026','Miquihuana','28'),('28027','Nuevo Laredo','28'),('28028','Nuevo Morelos','28'),('28029','Ocampo','28'),('28030','Padilla','28'),('28031','Palmillas','28'),('28032','Reynosa','28'),('28033','Río Bravo','28'),('28034','San Carlos','28'),('28035','San Fernando','28'),('28036','San Nicolás','28'),('28037','Soto la Marina','28'),('28038','Tampico','28'),('28039','Tula','28'),('28040','Valle Hermoso','28'),('28041','Victoria','28'),('28042','Villagrán','28'),('28043','Xicoténcatl','28'),('29001','Amaxac de Guerrero','29'),('29002','Apetatitlán de Antonio Carvajal','29'),('29003','Atlangatepec','29'),('29004','Atltzayanca','29'),('29005','Apizaco','29'),('29006','Calpulalpan','29'),('29007','El Carmen Tequexquitla','29'),('29008','Cuapiaxtla','29'),('29009','Cuaxomulco','29'),('29010','Chiautempan','29'),('29011','Muñoz de Domingo Arenas','29'),('29012','Españita','29'),('29013','Huamantla','29'),('29014','Hueyotlipan','29'),('29015','Ixtacuixtla de Mariano Matamoros','29'),('29016','Ixtenco','29'),('29017','Mazatecochco de José María Morelos','29'),('29018','Contla de Juan Cuamatzi','29'),('29019','Tepetitla de Lardizábal','29'),('29020','Sanctórum de Lázaro Cárdenas','29'),('29021','Nanacamilpa de Mariano Arista','29'),('29022','Acuamanala de Miguel Hidalgo','29'),('29023','Natívitas','29'),('29024','Panotla','29'),('29025','San Pablo del Monte','29'),('29026','Santa Cruz Tlaxcala','29'),('29027','Tenancingo','29'),('29028','Teolocholco','29'),('29029','Tepeyanco','29'),('29030','Terrenate','29'),('29031','Tetla de la Solidaridad','29'),('29032','Tetlatlahuca','29'),('29033','Tlaxcala','29'),('29034','Tlaxco','29'),('29035','Tocatlán','29'),('29036','Totolac','29'),('29037','Ziltlaltépec de Trinidad Sánchez Santos','29'),('29038','Tzompantepec','29'),('29039','Xaloztoc','29'),('29040','Xaltocan','29'),('29041','Papalotla de Xicohténcatl','29'),('29042','Xicohtzinco','29'),('29043','Yauhquemehcan','29'),('29044','Zacatelco','29'),('29045','Benito Juárez','29'),('29046','Emiliano Zapata','29'),('29047','Lázaro Cárdenas','29'),('29048','La Magdalena Tlaltelulco','29'),('29049','San Damián Texóloc','29'),('29050','San Francisco Tetlanohcan','29'),('29051','San Jerónimo Zacualpan','29'),('29052','San José Teacalco','29'),('29053','San Juan Huactzinco','29'),('29054','San Lorenzo Axocomanitla','29'),('29055','San Lucas Tecopilco','29'),('29056','Santa Ana Nopalucan','29'),('29057','Santa Apolonia Teacalco','29'),('29058','Santa Catarina Ayometla','29'),('29059','Santa Cruz Quilehtla','29'),('29060','Santa Isabel Xiloxoxtla','29'),('30001','Acajete','30'),('30002','Acatlán','30'),('30003','Acayucan','30'),('30004','Actopan','30'),('30005','Acula','30'),('30006','Acultzingo','30'),('30007','Camarón de Tejeda','30'),('30008','Alpatláhuac','30'),('30009','Alto Lucero de Gutiérrez Barrios','30'),('30010','Altotonga','30'),('30011','Alvarado','30'),('30012','Amatitlán','30'),('30013','Naranjos Amatlán','30'),('30014','Amatlán de los Reyes','30'),('30015','Angel R. Cabada','30'),('30016','La Antigua','30'),('30017','Apazapan','30'),('30018','Aquila','30'),('30019','Astacinga','30'),('30020','Atlahuilco','30'),('30021','Atoyac','30'),('30022','Atzacan','30'),('30023','Atzalan','30'),('30024','Tlaltetela','30'),('30025','Ayahualulco','30'),('30026','Banderilla','30'),('30027','Benito Juárez','30'),('30028','Boca del Río','30'),('30029','Calcahualco','30'),('30030','Camerino Z. Mendoza','30'),('30031','Carrillo Puerto','30'),('30032','Catemaco','30'),('30033','Cazones de Herrera','30'),('30034','Cerro Azul','30'),('30035','Citlaltépetl','30'),('30036','Coacoatzintla','30'),('30037','Coahuitlán','30'),('30038','Coatepec','30'),('30039','Coatzacoalcos','30'),('30040','Coatzintla','30'),('30041','Coetzala','30'),('30042','Colipa','30'),('30043','Comapa','30'),('30044','Córdoba','30'),('30045','Cosamaloapan de Carpio','30'),('30046','Cosautlán de Carvajal','30'),('30047','Coscomatepec','30'),('30048','Cosoleacaque','30'),('30049','Cotaxtla','30'),('30050','Coxquihui','30'),('30051','Coyutla','30'),('30052','Cuichapa','30'),('30053','Cuitláhuac','30'),('30054','Chacaltianguis','30'),('30055','Chalma','30'),('30056','Chiconamel','30'),('30057','Chiconquiaco','30'),('30058','Chicontepec','30'),('30059','Chinameca','30'),('30060','Chinampa de Gorostiza','30'),('30061','Las Choapas','30'),('30062','Chocamán','30'),('30063','Chontla','30'),('30064','Chumatlán','30'),('30065','Emiliano Zapata','30'),('30066','Espinal','30'),('30067','Filomeno Mata','30'),('30068','Fortín','30'),('30069','Gutiérrez Zamora','30'),('30070','Hidalgotitlán','30'),('30071','Huatusco','30'),('30072','Huayacocotla','30'),('30073','Hueyapan de Ocampo','30'),('30074','Huiloapan de Cuauhtémoc','30'),('30075','Ignacio de la Llave','30'),('30076','Ilamatlán','30'),('30077','Isla','30'),('30078','Ixcatepec','30'),('30079','Ixhuacán de los Reyes','30'),('30080','Ixhuatlán del Café','30'),('30081','Ixhuatlancillo','30'),('30082','Ixhuatlán del Sureste','30'),('30083','Ixhuatlán de Madero','30'),('30084','Ixmatlahuacan','30'),('30085','Ixtaczoquitlán','30'),('30086','Jalacingo','30'),('30087','Xalapa','30'),('30088','Jalcomulco','30'),('30089','Jáltipan','30'),('30090','Jamapa','30'),('30091','Jesús Carranza','30'),('30092','Xico','30'),('30093','Jilotepec','30'),('30094','Juan Rodríguez Clara','30'),('30095','Juchique de Ferrer','30'),('30096','Landero y Coss','30'),('30097','Lerdo de Tejada','30'),('30098','Magdalena','30'),('30099','Maltrata','30'),('30100','Manlio Fabio Altamirano','30'),('30101','Mariano Escobedo','30'),('30102','Martínez de la Torre','30'),('30103','Mecatlán','30'),('30104','Mecayapan','30'),('30105','Medellín de Bravo','30'),('30106','Miahuatlán','30'),('30107','Las Minas','30'),('30108','Minatitlán','30'),('30109','Misantla','30'),('30110','Mixtla de Altamirano','30'),('30111','Moloacán','30'),('30112','Naolinco','30'),('30113','Naranjal','30'),('30114','Nautla','30'),('30115','Nogales','30'),('30116','Oluta','30'),('30117','Omealca','30'),('30118','Orizaba','30'),('30119','Otatitlán','30'),('30120','Oteapan','30'),('30121','Ozuluama de Mascareñas','30'),('30122','Pajapan','30'),('30123','Pánuco','30'),('30124','Papantla','30'),('30125','Paso del Macho','30'),('30126','Paso de Ovejas','30'),('30127','La Perla','30'),('30128','Perote','30'),('30129','Platón Sánchez','30'),('30130','Playa Vicente','30'),('30131','Poza Rica de Hidalgo','30'),('30132','Las Vigas de Ramírez','30'),('30133','Pueblo Viejo','30'),('30134','Puente Nacional','30'),('30135','Rafael Delgado','30'),('30136','Rafael Lucio','30'),('30137','Los Reyes','30'),('30138','Río Blanco','30'),('30139','Saltabarranca','30'),('30140','San Andrés Tenejapan','30'),('30141','San Andrés Tuxtla','30'),('30142','San Juan Evangelista','30'),('30143','Santiago Tuxtla','30'),('30144','Sayula de Alemán','30'),('30145','Soconusco','30'),('30146','Sochiapa','30'),('30147','Soledad Atzompa','30'),('30148','Soledad de Doblado','30'),('30149','Soteapan','30'),('30150','Tamalín','30'),('30151','Tamiahua','30'),('30152','Tampico Alto','30'),('30153','Tancoco','30'),('30154','Tantima','30'),('30155','Tantoyuca','30'),('30156','Tatatila','30'),('30157','Castillo de Teayo','30'),('30158','Tecolutla','30'),('30159','Tehuipango','30'),('30160','Álamo Temapache','30'),('30161','Tempoal','30'),('30162','Tenampa','30'),('30163','Tenochtitlán','30'),('30164','Teocelo','30'),('30165','Tepatlaxco','30'),('30166','Tepetlán','30'),('30167','Tepetzintla','30'),('30168','Tequila','30'),('30169','José Azueta','30'),('30170','Texcatepec','30'),('30171','Texhuacán','30'),('30172','Texistepec','30'),('30173','Tezonapa','30'),('30174','Tierra Blanca','30'),('30175','Tihuatlán','30'),('30176','Tlacojalpan','30'),('30177','Tlacolulan','30'),('30178','Tlacotalpan','30'),('30179','Tlacotepec de Mejía','30'),('30180','Tlachichilco','30'),('30181','Tlalixcoyan','30'),('30182','Tlalnelhuayocan','30'),('30183','Tlapacoyan','30'),('30184','Tlaquilpa','30'),('30185','Tlilapan','30'),('30186','Tomatlán','30'),('30187','Tonayán','30'),('30188','Totutla','30'),('30189','Tuxpan','30'),('30190','Tuxtilla','30'),('30191','Ursulo Galván','30'),('30192','Vega de Alatorre','30'),('30193','Veracruz','30'),('30194','Villa Aldama','30'),('30195','Xoxocotla','30'),('30196','Yanga','30'),('30197','Yecuatla','30'),('30198','Zacualpan','30'),('30199','Zaragoza','30'),('30200','Zentla','30'),('30201','Zongolica','30'),('30202','Zontecomatlán de López y Fuentes','30'),('30203','Zozocolco de Hidalgo','30'),('30204','Agua Dulce','30'),('30205','El Higo','30'),('30206','Nanchital de Lázaro Cárdenas del Río','30'),('30207','Tres Valles','30'),('30208','Carlos A. Carrillo','30'),('30209','Tatahuicapan de Juárez','30'),('30210','Uxpanapa','30'),('30211','San Rafael','30'),('30212','Santiago Sochiapan','30'),('31001','Abalá','31'),('31002','Acanceh','31'),('31003','Akil','31'),('31004','Baca','31'),('31005','Bokobá','31'),('31006','Buctzotz','31'),('31007','Cacalchén','31'),('31008','Calotmul','31'),('31009','Cansahcab','31'),('31010','Cantamayec','31'),('31011','Celestún','31'),('31012','Cenotillo','31'),('31013','Conkal','31'),('31014','Cuncunul','31'),('31015','Cuzamá','31'),('31016','Chacsinkín','31'),('31017','Chankom','31'),('31018','Chapab','31'),('31019','Chemax','31'),('31020','Chicxulub Pueblo','31'),('31021','Chichimilá','31'),('31022','Chikindzonot','31'),('31023','Chocholá','31'),('31024','Chumayel','31'),('31025','Dzán','31'),('31026','Dzemul','31'),('31027','Dzidzantún','31'),('31028','Dzilam de Bravo','31'),('31029','Dzilam González','31'),('31030','Dzitás','31'),('31031','Dzoncauich','31'),('31032','Espita','31'),('31033','Halachó','31'),('31034','Hocabá','31'),('31035','Hoctún','31'),('31036','Homún','31'),('31037','Huhí','31'),('31038','Hunucmá','31'),('31039','Ixil','31'),('31040','Izamal','31'),('31041','Kanasín','31'),('31042','Kantunil','31'),('31043','Kaua','31'),('31044','Kinchil','31'),('31045','Kopomá','31'),('31046','Mama','31'),('31047','Maní','31'),('31048','Maxcanú','31'),('31049','Mayapán','31'),('31050','Mérida','31'),('31051','Mocochá','31'),('31052','Motul','31'),('31053','Muna','31'),('31054','Muxupip','31'),('31055','Opichén','31'),('31056','Oxkutzcab','31'),('31057','Panabá','31'),('31058','Peto','31'),('31059','Progreso','31'),('31060','Quintana Roo','31'),('31061','Río Lagartos','31'),('31062','Sacalum','31'),('31063','Samahil','31'),('31064','Sanahcat','31'),('31065','San Felipe','31'),('31066','Santa Elena','31'),('31067','Seyé','31'),('31068','Sinanché','31'),('31069','Sotuta','31'),('31070','Sucilá','31'),('31071','Sudzal','31'),('31072','Suma','31'),('31073','Tahdziú','31'),('31074','Tahmek','31'),('31075','Teabo','31'),('31076','Tecoh','31'),('31077','Tekal de Venegas','31'),('31078','Tekantó','31'),('31079','Tekax','31'),('31080','Tekit','31'),('31081','Tekom','31'),('31082','Telchac Pueblo','31'),('31083','Telchac Puerto','31'),('31084','Temax','31'),('31085','Temozón','31'),('31086','Tepakán','31'),('31087','Tetiz','31'),('31088','Teya','31'),('31089','Ticul','31'),('31090','Timucuy','31'),('31091','Tinum','31'),('31092','Tixcacalcupul','31'),('31093','Tixkokob','31'),('31094','Tixmehuac','31'),('31095','Tixpéhual','31'),('31096','Tizimín','31'),('31097','Tunkás','31'),('31098','Tzucacab','31'),('31099','Uayma','31'),('31100','Ucú','31'),('31101','Umán','31'),('31102','Valladolid','31'),('31103','Xocchel','31'),('31104','Yaxcabá','31'),('31105','Yaxkukul','31'),('31106','Yobaín','31'),('32001','Apozol','32'),('32002','Apulco','32'),('32003','Atolinga','32'),('32004','Benito Juárez','32'),('32005','Calera','32'),('32006','Cañitas de Felipe Pescador','32'),('32007','Concepción del Oro','32'),('32008','Cuauhtémoc','32'),('32009','Chalchihuites','32'),('32010','Fresnillo','32'),('32011','Trinidad García de la Cadena','32'),('32012','Genaro Codina','32'),('32013','General Enrique Estrada','32'),('32014','General Francisco R. Murguía','32'),('32015','El Plateado de Joaquín Amaro','32'),('32016','General Pánfilo Natera','32'),('32017','Guadalupe','32'),('32018','Huanusco','32'),('32019','Jalpa','32'),('32020','Jerez','32'),('32021','Jiménez del Teul','32'),('32022','Juan Aldama','32'),('32023','Juchipila','32'),('32024','Loreto','32'),('32025','Luis Moya','32'),('32026','Mazapil','32'),('32027','Melchor Ocampo','32'),('32028','Mezquital del Oro','32'),('32029','Miguel Auza','32'),('32030','Momax','32'),('32031','Monte Escobedo','32'),('32032','Morelos','32'),('32033','Moyahua de Estrada','32'),('32034','Nochistlán de Mejía','32'),('32035','Noria de Ángeles','32'),('32036','Ojocaliente','32'),('32037','Pánuco','32'),('32038','Pinos','32'),('32039','Río Grande','32'),('32040','Sain Alto','32'),('32041','El Salvador','32'),('32042','Sombrerete','32'),('32043','Susticacán','32'),('32044','Tabasco','32'),('32045','Tepechitlán','32'),('32046','Tepetongo','32'),('32047','Teúl de González Ortega','32'),('32048','Tlaltenango de Sánchez Román','32'),('32049','Valparaíso','32'),('32050','Vetagrande','32'),('32051','Villa de Cos','32'),('32052','Villa García','32'),('32053','Villa González Ortega','32'),('32054','Villa Hidalgo','32'),('32055','Villanueva','32'),('32056','Zacatecas','32'),('32057','Trancoso','32'),('32058','Santa María de la Paz','32');
/*!40000 ALTER TABLE `municipios` ENABLE KEYS */;
UNLOCK TABLES;

--
-- Table structure for table `subtemas`
--

DROP TABLE IF EXISTS `subtemas`;
/*!40101 SET @saved_cs_client     = @@character_set_client */;
/*!50503 SET character_set_client = utf8mb4 */;
CREATE TABLE `subtemas` (
  `id` smallint unsigned NOT NULL AUTO_INCREMENT,
  `subtema` varchar(100) NOT NULL,
  `id_tema` smallint unsigned NOT NULL,
  PRIMARY KEY (`id`),
  UNIQUE KEY `subtema` (`subtema`),
  KEY `id_tema` (`id_tema`),
  CONSTRAINT `subtemas_ibfk_1` FOREIGN KEY (`id_tema`) REFERENCES `temas` (`id_tema`)
) ENGINE=InnoDB AUTO_INCREMENT=21 DEFAULT CHARSET=utf8mb4 COLLATE=utf8mb4_0900_ai_ci;
/*!40101 SET character_set_client = @saved_cs_client */;

--
-- Dumping data for table `subtemas`
--

LOCK TABLES `subtemas` WRITE;
/*!40000 ALTER TABLE `subtemas` DISABLE KEYS */;
INSERT INTO `subtemas` VALUES (1,'Narrativa contemporánea',1),(2,'Narrativa Iberoamericana',1),(3,'Literatura Juvenil',1),(4,'Autores mexicanos',1),(5,'Filosofía',22),(6,'Obras teatrales',12),(7,'Teoría del derecho',3),(8,'Ingeniería industrial',20),(9,'Probabilidad',8),(10,'Ecología y medio ambiente',26),(11,'Astronomía',26),(12,'Programas',2),(13,'Sistemas operativos',2),(14,'Lenguajes de programación',2),(15,'Bases de Datos',2),(16,'Estadística',8),(17,'Urbanismo',29),(18,'Arquitectura',29),(19,'Paisajismo',29),(20,'Álgebra',8);
/*!40000 ALTER TABLE `subtemas` ENABLE KEYS */;
UNLOCK TABLES;

--
-- Table structure for table `temas`
--

DROP TABLE IF EXISTS `temas`;
/*!40101 SET @saved_cs_client     = @@character_set_client */;
/*!50503 SET character_set_client = utf8mb4 */;
CREATE TABLE `temas` (
  `id_tema` smallint unsigned NOT NULL AUTO_INCREMENT,
  `tema` varchar(50) NOT NULL,
  PRIMARY KEY (`id_tema`),
  UNIQUE KEY `tema` (`tema`)
) ENGINE=InnoDB AUTO_INCREMENT=31 DEFAULT CHARSET=utf8mb4 COLLATE=utf8mb4_0900_ai_ci;
/*!40101 SET character_set_client = @saved_cs_client */;

--
-- Dumping data for table `temas`
--

LOCK TABLES `temas` WRITE;
/*!40000 ALTER TABLE `temas` DISABLE KEYS */;
INSERT INTO `temas` VALUES (27,'Animales y mascotas'),(29,'Arquitectura'),(28,'Bellas artes y artes decorativas'),(26,'Ciencias naturales'),(25,'Ciencias sociales'),(24,'Contabilidad'),(23,'Deportes y actividades'),(3,'Derecho'),(4,'Educación y pedagogía'),(10,'Esoterismo'),(22,'Filosofía'),(5,'Gastronomia'),(21,'Geografía'),(6,'Historia'),(2,'Informática'),(20,'Ingenierías'),(7,'Lingüística'),(1,'Literatura'),(8,'Matemáticas'),(9,'Medicina'),(19,'Negocios y administración de empresas'),(18,'Niños'),(30,'Poesía'),(17,'Psicología'),(11,'Religión'),(16,'Salud alternativa'),(15,'Superación personal'),(12,'Teatro'),(14,'Textos escolares'),(13,'Turismo');
/*!40000 ALTER TABLE `temas` ENABLE KEYS */;
UNLOCK TABLES;

--
-- Table structure for table `usuarios`
--

DROP TABLE IF EXISTS `usuarios`;
/*!40101 SET @saved_cs_client     = @@character_set_client */;
/*!50503 SET character_set_client = utf8mb4 */;
CREATE TABLE `usuarios` (
  `id` tinyint unsigned NOT NULL AUTO_INCREMENT,
  `nombre` varchar(30) NOT NULL,
  `contrasena` varchar(64) DEFAULT NULL,
  PRIMARY KEY (`id`),
  UNIQUE KEY `nombre` (`nombre`)
) ENGINE=InnoDB AUTO_INCREMENT=2 DEFAULT CHARSET=utf8mb4 COLLATE=utf8mb4_0900_ai_ci;
/*!40101 SET character_set_client = @saved_cs_client */;

--
-- Dumping data for table `usuarios`
--

LOCK TABLES `usuarios` WRITE;
/*!40000 ALTER TABLE `usuarios` DISABLE KEYS */;
INSERT INTO `usuarios` VALUES (1,'mflores','b221d9dbb083a7f33428d7c2a3c3198ae925614d70210e28716ccaa7cd4ddb79');
/*!40000 ALTER TABLE `usuarios` ENABLE KEYS */;
UNLOCK TABLES;

--
-- Table structure for table `ventas`
--

DROP TABLE IF EXISTS `ventas`;
/*!40101 SET @saved_cs_client     = @@character_set_client */;
/*!50503 SET character_set_client = utf8mb4 */;
CREATE TABLE `ventas` (
  `id_venta` int unsigned NOT NULL AUTO_INCREMENT,
  `fecha` timestamp NOT NULL DEFAULT CURRENT_TIMESTAMP,
  `total` decimal(10,0) DEFAULT '0',
  `id_cliente` int unsigned NOT NULL,
  PRIMARY KEY (`id_venta`),
  UNIQUE KEY `id_venta` (`id_venta`,`id_cliente`),
  KEY `id_cliente` (`id_cliente`),
  CONSTRAINT `ventas_ibfk_1` FOREIGN KEY (`id_cliente`) REFERENCES `clientes` (`id_cliente`)
) ENGINE=InnoDB AUTO_INCREMENT=24 DEFAULT CHARSET=utf8mb4 COLLATE=utf8mb4_0900_ai_ci;
/*!40101 SET character_set_client = @saved_cs_client */;

--
-- Dumping data for table `ventas`
--

LOCK TABLES `ventas` WRITE;
/*!40000 ALTER TABLE `ventas` DISABLE KEYS */;
INSERT INTO `ventas` VALUES (1,'2024-01-23 12:00:00',0,5),(2,'2024-02-22 12:00:00',0,1),(3,'2023-03-28 12:00:00',0,6),(4,'2024-11-20 12:00:00',0,2),(5,'2023-12-13 12:00:00',0,3),(6,'2024-05-03 11:00:00',0,4),(7,'2020-04-02 12:00:00',0,18),(8,'2024-06-23 11:00:00',0,15),(9,'2021-07-11 11:00:00',0,5),(10,'2022-09-01 11:00:00',0,15),(11,'2023-08-10 11:00:00',0,20),(12,'2022-10-02 11:00:00',0,22),(13,'2023-11-20 12:00:00',0,1),(14,'2024-08-03 11:00:00',0,21),(15,'2022-09-30 11:00:00',0,30),(16,'2021-02-14 12:00:00',0,35),(17,'2024-04-15 11:00:00',0,40),(18,'2023-09-10 11:00:00',0,41),(19,'2024-07-17 11:00:00',0,32),(20,'2025-05-19 11:00:00',0,48),(21,'2025-06-04 11:00:00',0,55),(22,'2025-06-04 11:00:00',0,15),(23,'2025-01-04 22:25:00',0,24);
/*!40000 ALTER TABLE `ventas` ENABLE KEYS */;
UNLOCK TABLES;
/*!40103 SET TIME_ZONE=@OLD_TIME_ZONE */;

/*!40101 SET SQL_MODE=@OLD_SQL_MODE */;
/*!40014 SET FOREIGN_KEY_CHECKS=@OLD_FOREIGN_KEY_CHECKS */;
/*!40014 SET UNIQUE_CHECKS=@OLD_UNIQUE_CHECKS */;
/*!40101 SET CHARACTER_SET_CLIENT=@OLD_CHARACTER_SET_CLIENT */;
/*!40101 SET CHARACTER_SET_RESULTS=@OLD_CHARACTER_SET_RESULTS */;
/*!40101 SET COLLATION_CONNECTION=@OLD_COLLATION_CONNECTION */;
/*!40111 SET SQL_NOTES=@OLD_SQL_NOTES */;

-- Dump completed on 2025-09-17 12:12:22
